Barcode,annotation
AAACAAGTATCTCCCA-1,WM
AAACACCAATAACTGC-1,L4
AAACAGAGCGACTCCT-1,WM
AAACAGCTTTCAGAAG-1,L4
AAACAGGGTCTATATT-1,L4
AAACAGTGTTCCTGGG-1,L5
AAACATGGTGAGAGGA-1,L3
AAACATTTCCCGGATT-1,WM
AAACCCGAACGAAATC-1,WM
AAACCGGAAATGTTAA-1,WM
AAACCGGGTAGGTACC-1,L5
AAACCGTTCGTCCAGG-1,L6
AAACCTAAGCAGCCGG-1,L6
AAACCTCATGAAGTTG-1,L5
AAACGAAGATGGAGTA-1,L3
AAACGAGACGGTTGAT-1,WM
AAACGCTGGGCACGAC-1,WM
AAACGGGCGTACGGGT-1,WM
AAACGGTTGCGAACTG-1,L6
AAACGTGTTCGCCCTA-1,L6
AAACTCGGTTCGCAAT-1,L6
AAACTCGTGATATAAG-1,WM
AAACTGCTGGCTCCAA-1,WM
AAACTTAATTGCACGC-1,L3
AAACTTGCAAACGTAT-1,L5
AAAGAATGACCTTAGA-1,L3
AAAGAATGTGGACTAA-1,WM
AAAGACTGGGCGCTTT-1,L5
AAAGCTTGCCTACATA-1,WM
AAAGGCCCTATAATAC-1,L4
AAAGGCTACGGACCAT-1,L6
AAAGGCTCTCGCGCCG-1,L6
AAAGGGATGTAGCAAG-1,L6
AAAGGGCAGCTTGAAT-1,L5
AAAGTAGCATTGCTCA-1,L5
AAAGTCGACCCTCAGT-1,L5
AAAGTGCCATCAATTA-1,WM
AAAGTGTGATTTATCT-1,WM
AAAGTTGACTCCCGTA-1,WM
AAATAACCATACGGGA-1,WM
AAATAAGGTAGTGCCC-1,WM
AAATACCTATAAGCAT-1,WM
AAATAGCTTAGACTTT-1,WM
AAATAGGGTGCTATTG-1,WM
AAATCCGATACACGCC-1,WM
AAATCGCGGAAGGAGT-1,L3
AAATCGTGTACCACAA-1,L6
AAATCTAGCCCTGCTA-1,WM
AAATCTGCCCGCGTCC-1,L1
AAATGACTGATCAAAC-1,L5
AAATGATTCGATCAGC-1,WM
AAATGCTCGTTACGTT-1,L5
AAATGGCATGTCTTGT-1,L6
AAATGGCCCGTGCCCT-1,L5
AAATGGTCAATGTGCC-1,L6
AAATGTATCTTATCCC-1,L3
AAATTAACGGGTAGCT-1,L6
AAATTAATAAGCGCGA-1,L3
AAATTACACGACTCTG-1,WM
AAATTACCTATCGATG-1,WM
AAATTCCAGGTCCAAA-1,WM
AAATTGATAGTCCTTT-1,L5
AAATTGGTGAGAAGCA-1,L6
AAATTTGCGGGTGTGG-1,L5
AACAACTGGTAGTTGC-1,L6
AACAATACATTGTCGA-1,L5
AACAATTACTCTACGC-1,L5
AACACACGCTCGCCGC-1,WM
AACACGAGACGCGGCC-1,L5
AACAGCTGTGTGGCAA-1,L5
AACAGGAAATCGAATA-1,WM
AACAGGATGGGCCGCG-1,L5
AACAGGTAGTATGGAT-1,WM
AACATAGCGTGTATCG-1,L6
AACATATCAACTGGTG-1,WM
AACATCGATACGTCTA-1,WM
AACATTGAAGTTGATC-1,L4
AACATTGTGACTCGAG-1,L5
AACCAAGACTTCTCTG-1,L5
AACCATAGGGTTGAAC-1,L3
AACCATGGGATCGCTA-1,L5
AACCCAGAGACGGAGA-1,L5
AACCCATCCCATGATC-1,L4
AACCCGACAACCCGTG-1,L5
AACCCGAGCAGAATCG-1,WM
AACCCGCTGTATTCCA-1,L5
AACCCTACTGTCAATA-1,WM
AACCGAGCTTGGTCAT-1,WM
AACCGCTAAGGGATGC-1,WM
AACCTCGCTTTAGCCC-1,WM
AACCTGTCACGGAATT-1,WM
AACCTTTAAATACGGT-1,L6
AACCTTTACGACGTCT-1,WM
AACGAAAGTCGTCCCA-1,L3
AACGACCTCCTAGCCG-1,WM
AACGATAATGCCGTAG-1,L6
AACGATAGAAGGGCCG-1,L6
AACGATATGTCAACTG-1,WM
AACGCATGATCTGGGT-1,WM
AACGCGACCTTGGGCG-1,L5
AACGCGGTCTCCAGCC-1,WM
AACGCTGTTGCTGAAA-1,WM
AACGGACGTACGTATA-1,WM
AACGGCCATCTCCGGT-1,L5
AACGTACTGTGGGTAC-1,L6
AACGTCAGACTAGTGG-1,L6
AACGTCATCCGGCTTG-1,L5
AACGTCGCTGCACTTC-1,WM
AACGTGCGAAAGTCTC-1,WM
AACGTTATCAGCACCT-1,L4
AACGTTCTACCATTGT-1,WM
AACTACCCGTTTGTCA-1,WM
AACTAGGCTTGGGTGT-1,L6
AACTCAAGTTAATTGC-1,L6
AACTCCAGAGCGTGTT-1,WM
AACTCTCAATAGAGCG-1,WM
AACTCTCAGTGTGCTC-1,L6
AACTGAGTTATACTGA-1,WM
AACTGATATTAGGCCT-1,L6
AACTGGGTCCCGACGT-1,L6
AACTTCTGCGTCTATC-1,L5
AACTTGCCCGTATGCA-1,L5
AACTTGCGTTCTCGCG-1,L5
AACTTTACGGGAGCTT-1,L4
AACTTTCTCGATCATG-1,WM
AAGAAAGTTTGATGGG-1,L1
AAGAAATCACCAGATT-1,WM
AAGAAGGATCAGTTAG-1,L5
AAGACATACGTGGTTT-1,WM
AAGACCAAATAACTCA-1,L3
AAGACCCAACTGAACA-1,L6
AAGACTGCAAGCTACT-1,WM
AAGAGATGAATCGGTA-1,L5
AAGAGCTCTTTATCGG-1,WM
AAGAGGATGTACGCGA-1,L5
AAGAGGCATGGATCGC-1,WM
AAGAGGCCCTTTGGAA-1,WM
AAGATGGCACCGGACC-1,L5
AAGATTGGCGGAACGT-1,WM
AAGCACCCTGCGTATC-1,L6
AAGCATACTCTCCTGA-1,L6
AAGCCACTTGCAGGTA-1,L3
AAGCCGAAGCGGTTTA-1,WM
AAGCCGCCGTGAAATC-1,L4
AAGCCGCTTTACCTTG-1,WM
AAGCCGGAGAGCAGGA-1,WM
AAGCGCAGGGCTTTGA-1,L6
AAGCGTCCCTCATCGA-1,L5
AAGCTAGATCGAGTAA-1,WM
AAGCTCGTGCCAAGTC-1,WM
AAGCTCTTTCATGGTG-1,WM
AAGGAGCGGTTGGTGC-1,L6
AAGGATCGATCGCTTG-1,WM
AAGGATGAGGGACCTC-1,WM
AAGGCAGGCTGTCTCC-1,WM
AAGGCGCGTAAAGCTT-1,L6
AAGGCTGTGCTCATCG-1,L6
AAGGGAACGACTGGCT-1,L4
AAGGGACAGATTCTGT-1,WM
AAGGGACTATGCATTC-1,L5
AAGGGTTAGCCATGCG-1,WM
AAGGGTTTGATTTCAG-1,L3
AAGGTATCCTAATATA-1,WM
AAGGTGATAAACCAGC-1,WM
AAGTAGAAGACCGGGT-1,L6
AAGTAGTGACGCGAGG-1,L5
AAGTCAATTGTCGTCA-1,WM
AAGTCTAGTAGCTGCC-1,WM
AAGTCTTCTGTGGCCT-1,L3
AAGTGACGACCGAATT-1,L5
AAGTGAGTCGGGTTTA-1,L5
AAGTGCAAAGGTAGAC-1,L4
AAGTGCCTTGACTGTA-1,WM
AAGTGCGTTAGAATCT-1,L5
AAGTGCTTCTCTATTG-1,L5
AAGTGTTTGGAGACGG-1,WM
AAGTTCACTCCAAGCT-1,WM
AAGTTCAGTCTGCGTA-1,WM
AAGTTCGGCCAACAGG-1,L5
AAGTTGTGATGTTATA-1,WM
AAGTTTATGGGCCCAA-1,L6
AATAACAACGCTCGGC-1,L5
AATAACACTAGAACAA-1,L5
AATAACGTCGCGCCCA-1,WM
AATAATCTTCGTATCG-1,WM
AATACAATGTTTCAGG-1,L5
AATACCGGAGGGCTGT-1,L5
AATACCTGATGTGAAC-1,WM
AATAGAACAGAGTGGC-1,L6
AATAGAATCTGTTTCA-1,WM
AATAGCTACCGCGTGC-1,WM
AATAGGCACGACCCTT-1,L3
AATAGTCCGTCCCGAC-1,L6
AATAGTCGCGAGTCGG-1,L4
AATATCCTAGCAAACT-1,L3
AATATCGAATCAATGC-1,WM
AATATCGAGGGTTCTC-1,WM
AATATTGGAGTATTGA-1,L5
AATCAGGTTTCATTTA-1,L5
AATCATGTAAAGACTC-1,WM
AATCCAAGGGCCTGAG-1,L6
AATCCCGCTCAGAGCC-1,L5
AATCGAGGTCTCAAGG-1,L6
AATCGCCTCAGCGCCA-1,WM
AATCGCGCAGAGGACT-1,WM
AATCGGTATAGCCCTC-1,WM
AATCGTGAGCCGAGCA-1,L6
AATCTAGGTTTACTTG-1,L4
AATCTATGCCGGAGCC-1,WM
AATCTCTACTGTGGTT-1,L4
AATCTGCGTTGGGACG-1,WM
AATCTGGCTTTCTAGT-1,L4
AATGACAGCAATGTCT-1,L5
AATGACGTAGGATGTC-1,WM
AATGACTGTCAGCCGG-1,L6
AATGAGTTCGCATATG-1,L5
AATGATGATACGCTAT-1,WM
AATGATGCGACTCCTG-1,WM
AATGCAACCGGGTACC-1,L6
AATGCACCAAGCAATG-1,WM
AATGGTCCACCGTTCA-1,L5
AATGGTTCTCACAAGC-1,L6
AATGTATGGCACTGTA-1,L3
AATGTGCCCGAGGTGT-1,L5
AATGTGCTAATCTGAG-1,L5
AATGTTAAGACCCTGA-1,L6
AATGTTGTCGTGAGAC-1,WM
AATTAAAGGTCGGCGT-1,L6
AATTAACGGATTTCCA-1,L6
AATTACGAGACCCATC-1,L3
AATTAGCGCTGCAGCG-1,L6
AATTATACCCAGCAAG-1,L6
AATTCATAAGGGATCT-1,WM
AATTCATTGTCATGCA-1,L3
AATTCCAAGCATGTAC-1,L6
AATTCGATTCGAGGAT-1,L6
AATTCTAGAGTTAGGC-1,L6
AATTGAACGCTCTGGT-1,WM
AATTGCAGCAATCGAC-1,WM
AATTGCGTGGATTACA-1,L3
AATTGTGGTTGCCAAA-1,WM
AATTTGGGACATAGTA-1,WM
ACAAACCATGCGTCCT-1,L4
ACAAACTCCATCAGAG-1,L5
ACAAAGAAGGTAGGCC-1,L3
ACAAAGCATGACCTAG-1,WM
ACAAATCGCACCGAAT-1,WM
ACAAATGGTAGTGTTT-1,WM
ACAACAGCATGAGCTA-1,WM
ACAACGGTCCCTGCGA-1,L5
ACAAGCAGTGCCTAGC-1,L5
ACAAGCTATATGGAAG-1,L3
ACAAGGAAATCCGCCC-1,WM
ACAAGGACAAGAGGTT-1,L6
ACAAGGATGCTTTAGG-1,WM
ACAAGGGCAGGCTCTG-1,WM
ACAAGTAATTGTAAGG-1,L3
ACAATAGTCGTACGTT-1,L5
ACAATCCATTTAAACC-1,L5
ACAATGAATACGGAGA-1,L5
ACAATTGTGTCTCTTT-1,WM
ACAATTTAGGAGGCTC-1,L4
ACAATTTGAGCAGTGG-1,L6
ACAATTTGGCCATATT-1,WM
ACACAAAGACGGGTGG-1,L6
ACACAAATATTCCTAG-1,L6
ACACACCAGGACCAGT-1,WM
ACACACTTTCTACACG-1,L6
ACACATGATCAAATCT-1,L4
ACACATTTCCGTAGAC-1,L5
ACACCACATAATTAGC-1,WM
ACACCCAGCATGCAGC-1,L6
ACACCCGAGAAATCCG-1,L6
ACACCGAGCGCTCTTT-1,L3
ACACCGGTCTGACCGC-1,L3
ACACCTTAAGTAGGGC-1,L6
ACACCTTACTACTTGC-1,WM
ACACGAGACTCCTTCT-1,WM
ACACGGGAACTTAGGG-1,WM
ACACGTAGGCCACAAG-1,WM
ACACTCCAATGTCACT-1,L5
ACACTGATCAAGGTGT-1,L6
ACACTGGGACAGTCGT-1,WM
ACAGAACTGAGAACAA-1,L5
ACAGCGACATTCTCAT-1,WM
ACAGGCACGGATCCTT-1,WM
ACAGGCTTGCCCGACT-1,WM
ACAGGTGGAGGTGAGG-1,L6
ACAGGTGTGTTGTTGC-1,L3
ACAGTAATACAACTTG-1,L5
ACAGTATACCGTGGGA-1,WM
ACATAAGTCGTGGTGA-1,L3
ACATAATAAGGCGGTG-1,L6
ACATACAATCAAGCGG-1,L6
ACATCAGCTGGGACGC-1,L4
ACATCCCGGCCATACG-1,L6
ACATCCTGGTAACTGT-1,WM
ACATCGATCGTTTACC-1,L1
ACATCGCAATATTCGG-1,L3
ACATCGGTCAGCCGCG-1,L5
ACATCGTATGCAATGG-1,WM
ACATGGCGCCAAAGTA-1,WM
ACATTAGTTTATATCC-1,L6
ACATTCGCGCGGAATA-1,L3
ACATTTGAAACCTAAC-1,WM
ACCAAACACCCAGCGA-1,WM
ACCAACACCACACACT-1,WM
ACCAACCGCACTCCAC-1,WM
ACCAACGCTTATTTAT-1,L6
ACCAAGAACGCGTGTC-1,L6
ACCAAGTCATCGGCAG-1,WM
ACCAATATGCAAGTTA-1,WM
ACCACAAGTTTCTATC-1,L6
ACCACACGGTTGATGG-1,L6
ACCACCAATGTAACAA-1,WM
ACCACCCTCTCTTCTA-1,WM
ACCACGTGCAGCTATA-1,WM
ACCAGACCATAACAAC-1,L3
ACCAGTGCGGGAGACG-1,WM
ACCATATCCGCAATAA-1,L6
ACCATCCGCCAACTAG-1,L4
ACCATCGTATATGGTA-1,L6
ACCATTAAGGGTGTCA-1,L3
ACCCAACGCCCGTGGC-1,WM
ACCCACCTACATGCTC-1,L5
ACCCATCTTGAGGGTA-1,L6
ACCCATTTGTCCCTCT-1,WM
ACCCGAGCGAAATTAC-1,L5
ACCCGATTGGTTCCGA-1,L5
ACCCGGAAACTCCCAG-1,L6
ACCCGGAGCACCACAA-1,WM
ACCCGGATGACGCATC-1,WM
ACCCGGTTACACTTCC-1,L6
ACCCGTAGCAGAGAAT-1,L2
ACCCGTAGTCTAGTTG-1,WM
ACCCGTGTCATCAGTA-1,L6
ACCCTATGCCATATCG-1,L5
ACCCTCCCGTCAGGGC-1,WM
ACCCTCCCTTGCTATT-1,WM
ACCCTGGTAACGCCCT-1,WM
ACCCTTCATCTGCGAA-1,L6
ACCCTTGCCTGGGTCG-1,L6
ACCGAAGAGTCTGGTT-1,L3
ACCGACACATCTCCCA-1,L6
ACCGACTGAGTCCCAC-1,WM
ACCGAGTCTCCTTATT-1,L6
ACCGATAGGCATAACC-1,WM
ACCGATATTTAATCAT-1,WM
ACCGATGGTAGCATCG-1,WM
ACCGCAATAACTGCCT-1,WM
ACCGCGGTGGAAGTCG-1,WM
ACCGCTAGTCATTGGT-1,L4
ACCGGGCCTTTGTTGA-1,WM
ACCGGTCAGGTACACC-1,L4
ACCGTCCACTGGGCCC-1,L3
ACCGTGACCACGTGGG-1,L5
ACCTAAGTACCTTTCA-1,L5
ACCTAATCGACTTCCT-1,L5
ACCTACAGTATGTGGT-1,WM
ACCTACTATAAATCTA-1,L6
ACCTCAGCGAGGCGCA-1,L6
ACCTCCGCCCTCGCTG-1,WM
ACCTCCGTTATTCACC-1,WM
ACCTCGAACTTATGCT-1,L3
ACCTGCGTGTCATGTT-1,L5
ACGAAATGGGCGGCAC-1,L5
ACGACCCATGAGTTGC-1,WM
ACGACTCTAGGGCCGA-1,L6
ACGACTGGTCATACTC-1,L5
ACGAGGATACCACTCT-1,L5
ACGAGGTTTACAACGT-1,L4
ACGAGTACGGATGCCC-1,WM
ACGATACATAGAACTA-1,WM
ACGATACCTATCCTGA-1,L3
ACGATCATACATAGAG-1,L6
ACGATCATCTTGTAAA-1,WM
ACGATGCATATGTTAT-1,L6
ACGCAAACTAATAGAT-1,L5
ACGCAATCACTACAGC-1,WM
ACGCATACGTTTACTA-1,WM
ACGCATTCGTGAGTAC-1,L6
ACGCCACTCGAAACAG-1,L5
ACGCCAGATGATTTCT-1,WM
ACGCCAGTGCGTTTGC-1,WM
ACGCCGCTAGACGACC-1,WM
ACGCGAAGTCAGACGA-1,L6
ACGCGCTACACAGGGT-1,L5
ACGCGGGCCAAGGACA-1,WM
ACGCGTTTCTTAAGAG-1,L3
ACGCTACTGAATGGGC-1,WM
ACGCTAGTGATACACT-1,WM
ACGCTGTGAGGCGTAG-1,L4
ACGGAACACGAGTGCC-1,WM
ACGGAATTTAGCAAAT-1,L5
ACGGACTCTCAAAGCG-1,L6
ACGGAGCGCAAATTAC-1,WM
ACGGATGGTGCGGATA-1,WM
ACGGCACTTGCTTGGG-1,L6
ACGGCCAACATGGACT-1,L6
ACGGCGACGATGGGAA-1,WM
ACGGCTGGATGTAGAA-1,L3
ACGGGAGTGTCGGCCC-1,L5
ACGGGCGTATGCGACA-1,WM
ACGGGTCATGTGACTT-1,L3
ACGGGTTGTGACCTGT-1,L1
ACGGTACAGTTCAATG-1,WM
ACGGTCACCGAGAACA-1,L3
ACGTACTTTGGCACGG-1,L4
ACGTAGATTGCTGATG-1,WM
ACGTAGGAGAGTCGCT-1,L6
ACGTATTACTCCGATC-1,WM
ACGTCGGGCAACTCGG-1,L2
ACGTCTCGTTCCGGGA-1,L4
ACGTGACAAAGTAAGT-1,L3
ACGTGCGCCTCGTGCA-1,L6
ACGTTAATGTCGAAGA-1,WM
ACGTTAGATTTGCCCG-1,L6
ACGTTATTGGTCACTC-1,L4
ACGTTCACTATGCCGC-1,L4
ACGTTCGCAATCAATT-1,WM
ACGTTCGTTCAGGAAA-1,L5
ACGTTCTGTACAAGTC-1,WM
ACGTTGTCGTTGAAAG-1,L3
ACGTTTAGTTGTGATC-1,L6
ACGTTTCGGTGCACTT-1,WM
ACTACAAAGAGAGGTG-1,L5
ACTACATCCCGACAAG-1,L4
ACTACCAGCTCTCTGG-1,L6
ACTACCATCCGAGGGC-1,L3
ACTACGCGTTAGAATT-1,L6
ACTAGTTGCGATCGTC-1,WM
ACTATATGCTGTGTTC-1,WM
ACTATCCAGGGCATGG-1,WM
ACTATCGCCGGCTAAA-1,L3
ACTATCTGCCCGCGTA-1,WM
ACTATGTCCAGCTGCC-1,L4
ACTATTCGTCCGTGGT-1,L6
ACTATTTCCGGGCCCA-1,L5
ACTCAAGTGCAAGGCT-1,WM
ACTCAATAAAGGCACG-1,WM
ACTCATGGCAGCCTTC-1,L3
ACTCCAATATCATCAT-1,L5
ACTCCCATTCCTAAAG-1,L5
ACTCCCGAATTCGTTT-1,WM
ACTCCCGTAGACTAGG-1,WM
ACTCCCTAATGCTAAA-1,L6
ACTCCCTAGAATAGTA-1,WM
ACTCCGGCCGACCACT-1,L6
ACTCGATGTATTTCAT-1,L3
ACTCGCCGTTCGATAA-1,WM
ACTCGCGATCTGACGC-1,WM
ACTCGTAACCCGTCCT-1,L5
ACTCGTCAGTAATCCC-1,WM
ACTCTAAACCTGGGAT-1,L3
ACTCTCTGACTTAGGT-1,WM
ACTCTGACCTAATAGA-1,WM
ACTCTTCAGCTCCCGC-1,WM
ACTCTTGTATAGTAAC-1,WM
ACTGAAACGCCGTTAG-1,WM
ACTGAATGGCGAAAGT-1,WM
ACTGCCCGCCATTCTC-1,L4
ACTGCCGTCGTAACTC-1,WM
ACTGCGGACACACCGT-1,WM
ACTGCTCGGAAGGATG-1,L3
ACTGGGATGCCAGTGC-1,L5
ACTGTACGATACACAT-1,WM
ACTGTAGCACTTTGGA-1,L6
ACTGTCCAGGATTATA-1,L6
ACTGTCTTCTTTAGAA-1,WM
ACTGTGCTAGTAGATC-1,L5
ACTTACGCATCCACGC-1,WM
ACTTAGTACGACAAGA-1,L5
ACTTATACTTACCCGG-1,WM
ACTTATTAGGATCGGT-1,L6
ACTTATTTATGTGCCA-1,WM
ACTTCAGGCTGATCCC-1,WM
ACTTCCAGTGGAAGCT-1,L3
ACTTCCATGCGGGACA-1,WM
ACTTCGCCATACGCAC-1,WM
ACTTCGCTAGCGAGTG-1,WM
ACTTGACTCCCTCTTT-1,WM
ACTTGCTCTATCTACC-1,L2
ACTTGGGACCCGGTGG-1,L6
ACTTGGGCTTTCGCCA-1,L5
ACTTGTAGTCCCTTCA-1,L4
ACTTGTGGATGGAACG-1,WM
ACTTGTTACCGGATCA-1,L5
ACTTTACCCTCATGAA-1,WM
ACTTTATACACCACTT-1,L2
ACTTTCCTATAGCTTC-1,L6
ACTTTGACTGCATCCT-1,L4
ACTTTGGTCGTGCTCC-1,L3
ACTTTGTCGACGCACT-1,WM
AGAAATTATGACTCGC-1,WM
AGAACACGGCGATGGT-1,L2
AGAACCCAGCGTGACA-1,WM
AGAACCCTCAATTGGG-1,L3
AGAACGTGGTACATTC-1,WM
AGAACTGTACTTTGTA-1,L6
AGAAGAGCGCCGTTCC-1,WM
AGAAGGTACACTTCAC-1,L4
AGAAGGTTGCCGAATT-1,L6
AGAAGGTTGTAGGTCG-1,L6
AGAAGTGATTCGTGAT-1,L5
AGAATAAATCTTCAGG-1,L4
AGAATACAGGCTATCC-1,L6
AGAATTATGGATTCGA-1,WM
AGAATTGTTTGACATA-1,L5
AGACAGCTCAGAATCC-1,L4
AGACAGGCATCTCAGC-1,WM
AGACCAAACCACACCT-1,L3
AGACCATGGGATACAA-1,L5
AGACCCACCGCTGATC-1,L6
AGACCCGCCCTCCTCG-1,L6
AGACCGCTCCGCGGTT-1,WM
AGACCGGGAAACCCTG-1,L5
AGACGAAGTGCCGGTC-1,WM
AGACGACGATGCCGCT-1,L5
AGACGCCCACTTCGCC-1,WM
AGACTAGCCTTCCAGA-1,L6
AGACTGTTACCGGGTC-1,L5
AGAGAAACACCAGAAA-1,L5
AGAGAACCGTCTAGGA-1,WM
AGAGAAGGAGTACAAT-1,L5
AGAGATCTCTAAAGCG-1,L5
AGAGCAGTTATGAGAC-1,L5
AGAGCCGCCGAGATTT-1,WM
AGAGCGCTTGTAACGG-1,WM
AGAGCGGGCTAATCAT-1,L6
AGAGCGTACAAGCTCG-1,L5
AGAGGCTTCGGAAACC-1,WM
AGAGTAAACTTCACTA-1,WM
AGAGTATAGTGTTACG-1,WM
AGAGTCTTAATGAAAG-1,WM
AGATAACTTCAGGGCC-1,L6
AGATAATCACACCTAT-1,L2
AGATACCAATAGAACC-1,WM
AGATACCAGCACTTCA-1,WM
AGATACCGGTGTTCAC-1,L6
AGATACGACTTCATAT-1,L5
AGATACTCAAGATCGA-1,WM
AGATATAATACGACTA-1,L6
AGATCGTGCATAAGAT-1,L6
AGATCTCAGGTGTGAT-1,WM
AGATCTGGAGAGGATA-1,L2
AGATGACTCGCCCACG-1,L6
AGATGAGGGTTGCGAT-1,WM
AGATGATGGAGTCTGG-1,WM
AGATGCAAGACGTGCA-1,L5
AGATGCATCCTGTGTC-1,L4
AGATTATAGGACGTTT-1,L6
AGATTCACAACCGATA-1,L4
AGCAAAGGCCGCTAGT-1,L6
AGCAACATATCTTATT-1,WM
AGCAACCGAAAGTAAT-1,L5
AGCACACGTTTAGACT-1,L4
AGCACCAGTACTCACG-1,WM
AGCACTACCGGCCTGT-1,L5
AGCACTACCTCACCAG-1,WM
AGCACTTAAGGACGCC-1,L6
AGCAGAAGGAGAAAGA-1,L6
AGCAGCCAGATGAATA-1,L6
AGCAGTCGAAGCATGC-1,L6
AGCATATCAATATGCT-1,WM
AGCATCATTTCGAAAG-1,L5
AGCATCGTCGATAATT-1,L6
AGCATTACGAGGCAAG-1,WM
AGCCAAGCTTTGTGTC-1,L6
AGCCACAGGTTACCCG-1,WM
AGCCACTCCCGTGCTT-1,WM
AGCCATATAGTATGTG-1,L6
AGCCCATACATGTAAG-1,L5
AGCCCGCAACAAGCAG-1,L5
AGCCCGCACTACAATG-1,WM
AGCCCGGCATTAGAGG-1,L4
AGCCCGGTAGCCTGTA-1,L5
AGCCCTAAGCGAAGTT-1,L6
AGCCCTCCCTGGTGGC-1,L4
AGCCCTGTCGCACCGT-1,WM
AGCCCTTCTAATCCGA-1,WM
AGCCCTTGGACATCCC-1,WM
AGCCGTGGCTAAATGT-1,L5
AGCCTAATACCCACGT-1,L4
AGCCTTAAAGCGGAAG-1,L4
AGCCTTGTCACTGATA-1,L1
AGCGACAGGAACGGTC-1,L5
AGCGACATCCCATTCA-1,L6
AGCGACCAACGATATT-1,L6
AGCGACTTTGAAGACA-1,L5
AGCGAGACGTGAAGGC-1,L3
AGCGATGCGCCTAATA-1,WM
AGCGCATAATGAATCG-1,L6
AGCGCGGGTGCCAATG-1,WM
AGCGCTAGAGCGATGT-1,WM
AGCGGACACTTCGTAG-1,L6
AGCGGCGGTTAGCGGT-1,L4
AGCGGGAAGGGTCCAT-1,L5
AGCGGGTCTGACACTC-1,L6
AGCGGTTGCCGCTCTG-1,WM
AGCGTGGTATTCTACT-1,WM
AGCTAACAAGCAATGT-1,L5
AGCTAAGCTCCGTCCG-1,L4
AGCTAAGTACGCAGGC-1,WM
AGCTACGAATGGTGGT-1,WM
AGCTAGAAGCAGAAGT-1,WM
AGCTATTTAATCCAAC-1,WM
AGCTCCATATATGTTC-1,WM
AGCTCCTTCGCACATC-1,WM
AGCTCGTTGATGGAAA-1,WM
AGCTCTAGACGTTCCA-1,WM
AGCTCTTCCCAGTGCA-1,WM
AGCTCTTCGTAACCTT-1,WM
AGCTCTTTACTCAGTT-1,L6
AGCTGAAGTAAACCAA-1,L6
AGCTGTAACCTCAATC-1,L5
AGCTTCTTCTCGAGCA-1,WM
AGCTTGATCAGGGTAG-1,L2
AGCTTGATCTTAACTT-1,L5
AGGAACGAACGACTTC-1,WM
AGGAAGCTGTCCGCCG-1,L6
AGGACAGTCGAATCCC-1,WM
AGGACATCGCACGTCG-1,L5
AGGACATCGGCACACT-1,WM
AGGACGACCCATTAGA-1,L6
AGGACGCTCGATGTTG-1,WM
AGGACTTATAGGAGAA-1,L3
AGGAGACATCCACAGT-1,WM
AGGAGAGTCTGGCTAC-1,WM
AGGAGCGTTTATTATC-1,WM
AGGAGGCCTTCGCGCG-1,WM
AGGATAAAGTCGGGAT-1,L6
AGGATATAGGGATTTA-1,WM
AGGATATCCGACTGCA-1,WM
AGGATCACGCGATCTG-1,L5
AGGATTGCTTACGACA-1,WM
AGGCACGTGACTGTCC-1,WM
AGGCAGATGCGTAAAC-1,WM
AGGCAGGGAGCGTACT-1,L5
AGGCATTGTCGTAGGG-1,WM
AGGCCACATTGGTTAC-1,WM
AGGCCACCCGTTATGA-1,L6
AGGCCCATTGTACAGG-1,L6
AGGCCCTAGAACGCCA-1,L5
AGGCCTATCATACCAA-1,L5
AGGCCTGAGAATCTCG-1,WM
AGGCGATAACTGGCGT-1,WM
AGGCGGTTTGTCCCGC-1,L4
AGGCGTCTATGGACGG-1,WM
AGGCTATGGTTAGCTT-1,L5
AGGCTTAAGTTGCACA-1,L5
AGGCTTCCCGAAGAAG-1,L6
AGGCTTGCTAGACACC-1,L5
AGGGAAACGAGGTACT-1,WM
AGGGACCGGCTGCGTT-1,WM
AGGGACTCTACGCGAC-1,L6
AGGGAGACATACTTCG-1,WM
AGGGCCCTAATGTTCT-1,WM
AGGGCGAGCAGCTGAT-1,L5
AGGGCGTGATCGGCTA-1,L6
AGGGCTGCAGTTACAG-1,WM
AGGGTCAGAGCACTCG-1,L5
AGGGTCAGTAACCCTA-1,WM
AGGGTCGATGCGAACT-1,WM
AGGGTCTGGACGCAGT-1,WM
AGGGTGCCGTTCTTTA-1,L5
AGGGTGCTCTCGAGGG-1,WM
AGGGTGGATAGTGCAT-1,L4
AGGGTTCAGACGGTCC-1,L5
AGGGTTCCCTTTGGTT-1,WM
AGGGTTTAGTTCGGGA-1,WM
AGGTAACCTCCTATTC-1,L6
AGGTAGATCGAGATAT-1,L5
AGGTAGGTACAAAGCT-1,L6
AGGTATAATTGATAGT-1,WM
AGGTATGCGGACATTA-1,WM
AGGTCAGGTGAGAGTG-1,L5
AGGTCGCCTCCCAACA-1,WM
AGGTCGCGGAGTTACT-1,WM
AGGTGCACGTCCACAT-1,WM
AGGTGGTGACCTTCGC-1,L5
AGGTGTATCGCCATGA-1,L5
AGGTGTTGCCGACCAC-1,WM
AGGTTACACCATGCCG-1,WM
AGGTTCTCCTTTCCGG-1,L3
AGGTTGAGGCACGCTT-1,WM
AGGTTTCACACACCTT-1,WM
AGTAACTATAGCAGCC-1,WM
AGTAAGGGACAGAATC-1,L6
AGTAATCTAAGGGTGG-1,L6
AGTAATGTCTTGCCGC-1,L6
AGTAATTTGCAAGCGT-1,L3
AGTACAGAAGCTTATA-1,L6
AGTACATCATTTATCA-1,WM
AGTACGGCCCGTATCG-1,L4
AGTACGGGCACCTGGC-1,WM
AGTACTCTTATGCCCA-1,WM
AGTAGAAGGCGCCTCA-1,L6
AGTAGGAAGGAAGTTG-1,WM
AGTAGGTAACATACAT-1,L6
AGTATAATACTAGGCA-1,L6
AGTATACACAGCGACA-1,L5
AGTATGCTGGAGACCA-1,L5
AGTATTTGGCACGACC-1,L6
AGTCAAATGATGTGAT-1,L5
AGTCAACACCACCATC-1,L6
AGTCAAGATGACACTT-1,WM
AGTCACTAGCTCTCGA-1,WM
AGTCAGCCACCGCCTG-1,L5
AGTCCATTGGCTGATG-1,WM
AGTCCCGCCTTTAATT-1,WM
AGTCCCTCGCAGAAAG-1,WM
AGTCGAAACGATTCAG-1,L2
AGTCGAATTAGCGTAA-1,WM
AGTCGACGGTCTCAAG-1,WM
AGTCGGCCCAAACGAC-1,L6
AGTCGGCTCAACTTTA-1,L5
AGTCGGTTGCGTGAGA-1,WM
AGTCGTATAAAGCAGA-1,L6
AGTCGTCGACCACCAA-1,WM
AGTCGTGGGCATTACG-1,L5
AGTCTAAAGTATACTC-1,WM
AGTCTCACAAGACTAC-1,L5
AGTCTGGACATCCTTG-1,L5
AGTCTTCTCCTCAAAT-1,WM
AGTCTTTAAAGTGTCC-1,L6
AGTGAACAAACTTCTC-1,WM
AGTGAAGATGGTGTCC-1,WM
AGTGACCTACTTTACG-1,L6
AGTGACTGTGACACAA-1,L4
AGTGAGACTTCCAGTA-1,WM
AGTGAGCCTCGCCGCC-1,WM
AGTGAGTCGAATTAAC-1,WM
AGTGATAACCTGCGCG-1,WM
AGTGATATGAGTAGTT-1,L6
AGTGATTCAAGCAGGA-1,WM
AGTGCACGCTTAAGAA-1,WM
AGTGCGTAGCTCGTAA-1,L6
AGTGCTAAACACAGCA-1,WM
AGTGCTTGCACGAATA-1,WM
AGTGGCCCGCAAATGG-1,L6
AGTGGCGGCAATTTGA-1,WM
AGTGGCGTCTGAAGGT-1,WM
AGTGGCTCCGTCGGCC-1,L4
AGTGGTGTTACCCGTG-1,L4
AGTGGTTGCGTATAGG-1,L4
AGTGTATTGCGCATTG-1,WM
AGTGTGCTAAGATCGC-1,L3
AGTGTGGTCTATTGTG-1,L5
AGTTAAACACTTGCGA-1,L6
AGTTAAGCGGTCCCGG-1,WM
AGTTAAGTCAACCGCT-1,L5
AGTTACCCTTAAGACT-1,L4
AGTTACCGCACATGGT-1,L5
AGTTACTCTATCGTGG-1,WM
AGTTATTCAGACTGTG-1,WM
AGTTCACCGGTTGGAC-1,L3
AGTTCCTACAGAATTA-1,L6
AGTTCCTATTTATGTT-1,WM
AGTTCTGCGTTGTATC-1,L5
AGTTGACGGTCCTTGC-1,L6
AGTTGCGGTCCTCAAC-1,L3
AGTTGCTGACTGATAT-1,L5
AGTTGGCAAGGCTAGA-1,WM
AGTTTATGTAAAGACA-1,WM
AGTTTGCACCTGCCTC-1,WM
AGTTTGGCACGGGTTG-1,WM
AGTTTGGCCAGACCTA-1,L5
ATAAACGGACCCGTAA-1,L6
ATAAACGTTGCACCAC-1,WM
ATAAAGGCTCGGTCGT-1,L6
ATAAATATTAGCAGCT-1,L5
ATAACGCCGGAGGGTC-1,WM
ATAACGGAGTCCAACG-1,WM
ATAAGGTGGAGAACAT-1,L6
ATAAGTAGGATTCAGA-1,WM
ATAAGTAGGGCGACTC-1,WM
ATAAGTTACCGCGACG-1,L6
ATAATACCGTTAGCCG-1,L5
ATAATAGCTGTTGAAT-1,L6
ATAATAGTGTAGGGAC-1,L5
ATAATCTTGGAGAACC-1,L6
ATAATTAGCTAAGTAG-1,L6
ATACAGGCCCTCCAAT-1,L6
ATACCACGGGCAACTT-1,L5
ATACCCTCCCGGCCAA-1,L1
ATACCGTCATCCATAA-1,WM
ATACCTAACCAAGAAA-1,L6
ATACGAAGGCTTTCCA-1,WM
ATACGAGGTTTGTAAG-1,L5
ATACGCCGGCGAAACC-1,WM
ATACGGAACGTCGTTT-1,L5
ATACGGGTTTCGATTG-1,WM
ATACGGTGAAGATGCA-1,L4
ATACGTACTTAGCCAC-1,L6
ATACGTCCACTCCTGT-1,WM
ATACGTTATGCACGGA-1,L6
ATACTACCCGTACCAC-1,WM
ATACTAGCATGACCCT-1,L6
ATACTGCCTTACACCG-1,WM
ATACTTGTTCTCGAGC-1,L4
ATAGACAACGGGACCT-1,WM
ATAGACGAAGAGAAAG-1,L6
ATAGAGTACTGGGACA-1,L6
ATAGAGTTATCAACTT-1,WM
ATAGCAACTAGGGAAG-1,WM
ATAGCCATAACAGTCA-1,WM
ATAGCCTCAGTACCCA-1,L4
ATAGCTGCTCTTGTTA-1,L3
ATAGGCGGCTATAGAA-1,L5
ATAGGCTAGCTTCGCA-1,WM
ATAGGGATATCCTTGA-1,L6
ATAGGTTGGGCAGATG-1,L6
ATAGTGAAGCGTTCTC-1,L6
ATAGTTCCACCCACTC-1,WM
ATATAAAGCGCTCGTG-1,L6
ATATAAATGTAGCTGC-1,L6
ATATAACACGGGCGCA-1,WM
ATATACATGTATGGTA-1,L3
ATATACGCTCGTGACG-1,WM
ATATAGAGTATTGGTC-1,L3
ATATCAACCTACAGAG-1,WM
ATATCAATTCCAGCCT-1,L3
ATATCGGTAGGGAGAT-1,WM
ATATCGTTCCTCGAAC-1,WM
ATATCTCCCTCGTTAA-1,L6
ATATCTTAGGGCCTTC-1,WM
ATATGGGATAGCAACT-1,L5
ATATGTCTAGAGCGTG-1,L5
ATATGTCTCCCTAGCC-1,WM
ATATTCAGTTAAACCT-1,L6
ATATTCCACATAGTGA-1,WM
ATATTGCTGTCAAAGT-1,L5
ATATTGGAGAGGCCTT-1,WM
ATATTTAACCCTCAAG-1,L6
ATCAAACACTGTTCCA-1,WM
ATCAAACGAAGGTTTG-1,L5
ATCAAAGAGCCGTGGT-1,L5
ATCAAGATCCCAGGAC-1,L5
ATCAATCTGGGCTGCA-1,WM
ATCAATGCCGTGGCTG-1,L4
ATCACATTAGAATATC-1,WM
ATCACGTGCTAATTAA-1,L5
ATCACTTCATCCTCGC-1,WM
ATCAGAAGCTGGTTGC-1,L1
ATCAGACGGCACGCCG-1,L6
ATCAGCCTCATGCTGC-1,WM
ATCAGCTCGTCCACTA-1,L4
ATCAGGTAGCTGACAG-1,WM
ATCAGTAGGCAGGGAT-1,WM
ATCATAGATCGACGAG-1,L5
ATCATAGCCCTATGTA-1,WM
ATCATCCAATATTTGT-1,L6
ATCATGGACTACCGAC-1,WM
ATCATTGTACCGCATT-1,L3
ATCCAACGCAGTCATA-1,L6
ATCCAATGGAGGGTCC-1,L5
ATCCAATGGTACCGAA-1,L4
ATCCACATCGACAGAA-1,L6
ATCCAGAGCAACAACC-1,L6
ATCCAGGATTCGTGAA-1,L6
ATCCCATCCACAGCGC-1,L4
ATCCCATTTCCGTGGG-1,L5
ATCCGGACCAGCCTGA-1,WM
ATCCTACCTAAGCTCT-1,L6
ATCCTGAATCGCTGCG-1,L5
ATCCTGCGTGGAATGG-1,L6
ATCCTTCTGAAAGAAC-1,WM
ATCGACCCAATACAGA-1,L6
ATCGACTCTTTCCGTT-1,L6
ATCGCACGCCGGGAGA-1,L6
ATCGCCAGTCAACATT-1,WM
ATCGCCGTGGTTCATG-1,WM
ATCGCTGCGTGCAGCA-1,WM
ATCGCTTTACGTCTCA-1,WM
ATCGGAGACAGACGGC-1,WM
ATCGGCAAGCAGTCCA-1,L6
ATCGGTTACCTAGTAA-1,L4
ATCGTATTCCGAGAAC-1,L3
ATCGTGGAAAGTCTGG-1,L4
ATCGTTAGCTAGCGGA-1,WM
ATCTAATATCCTACGG-1,L6
ATCTACCATCTGCTCC-1,L6
ATCTAGCTTGTGAGGG-1,L6
ATCTCCCACGGAATAT-1,WM
ATCTCCCTGCAATCTA-1,WM
ATCTCGTGAGCGAAAC-1,WM
ATCTGACATGGAAGGA-1,L5
ATCTGATAGTGTCTTA-1,L4
ATCTGCACCTCTGCGA-1,WM
ATCTGCTGTTATCGCC-1,L6
ATCTGGGCTGTTCTTG-1,L6
ATCTGGTTAAGACTGT-1,WM
ATCTGTAATTGTACCC-1,L6
ATCTTAGGGCATTAAT-1,L3
ATCTTATCGCACACCC-1,WM
ATCTTGACCTGCAACG-1,L6
ATCTTGACTTGTCCAA-1,WM
ATCTTTCGTATAACCA-1,WM
ATGAAGCCAAGGAGCC-1,L6
ATGAAGTGGACCCAGC-1,L3
ATGACGCCGGCTCTAA-1,L6
ATGACGCGTTCTATCC-1,L5
ATGACTATCAGCTGTG-1,L5
ATGACTATGCGACATT-1,WM
ATGAGGAGTGTTAATC-1,L6
ATGAGGGCAGCGGCTA-1,WM
ATGATCGGGAATAGAC-1,L6
ATGATGCAATGGTACA-1,L6
ATGCACCTTCCTTAAT-1,L3
ATGCACGCGCTGTTCA-1,L4
ATGCACTACCGCATTG-1,L6
ATGCATGATCCAGGAT-1,WM
ATGCCAATCGCTCTGC-1,WM
ATGCCATTTGCGACCA-1,WM
ATGCCGGTCTTGCATA-1,WM
ATGCCGGTTGATGGGA-1,WM
ATGCGACAATTGGTCC-1,WM
ATGCGACAGTCCCATT-1,WM
ATGCGAGTCCCACCAC-1,WM
ATGCTCAGTGTTGCAT-1,L5
ATGCTCTGGCGCGGTA-1,L6
ATGCTTAGGAGTTGAT-1,WM
ATGGAAATTTAAGGAG-1,L3
ATGGAACCTTTGCACA-1,WM
ATGGACTGCTTAGTTG-1,L5
ATGGAGCAGGCCGTGA-1,WM
ATGGATCCGGCGTCCG-1,WM
ATGGATTGACCAAACG-1,L6
ATGGCAGCATTACGAT-1,L4
ATGGCAGCCGAGAAAC-1,L4
ATGGCCCGAAAGGTTA-1,WM
ATGGCGGAATAGTCGC-1,WM
ATGGGACCTGCTGAAC-1,L5
ATGGGCCTCGGCCTCT-1,WM
ATGGGTGTATACCTCC-1,L4
ATGGTATTGGGAACCG-1,L5
ATGGTATTTACTGATT-1,L3
ATGGTCGCGTGGTTTC-1,WM
ATGTAAGGCTGCTCTT-1,WM
ATGTACATGCGGTGAG-1,WM
ATGTACGATGACGTCG-1,L6
ATGTAGCGCGCGTAGG-1,L6
ATGTCATAATAAACGA-1,L5
ATGTCATTTCCCATTG-1,L3
ATGTCTTGTTTGACTC-1,L4
ATGTGAAAGCCTAATG-1,L5
ATGTGCATCCGACGCA-1,L6
ATGTGGACATCTTGAT-1,WM
ATGTTACGAGCAATAC-1,L5
ATGTTCCTGCCCACCT-1,L3
ATGTTCGTCGACCCAC-1,L5
ATGTTGATTAGAGACT-1,WM
ATGTTGTAGTCTGTTT-1,L5
ATGTTTCGGCCCGGAG-1,WM
ATTAAACATGCGGACC-1,L6
ATTAACACCTGAGATA-1,L3
ATTAATACTACGCGGG-1,WM
ATTAATGAACCAGTCG-1,WM
ATTAATTCGGTCACTC-1,L6
ATTACATGTCAGTCTT-1,WM
ATTACCACACTGCCTG-1,WM
ATTACGACTCCACAGT-1,WM
ATTACGCGCTGGCAGG-1,L5
ATTACGGGCTACGGTT-1,L2
ATTACTAGCCTCTTGC-1,L6
ATTACTTACTGGGCAT-1,WM
ATTAGATTCCTCAGCA-1,WM
ATTAGATTGATAGCGG-1,L6
ATTAGGCGATGCTTTC-1,WM
ATTATACTTTGCTCGT-1,WM
ATTATAGCTACTTTAC-1,WM
ATTATCGGAATGTACG-1,L5
ATTATGAGACCCAATT-1,L3
ATTATGCCATAGGGAG-1,L6
ATTATTATGTCCGTCA-1,L5
ATTATTCAGAGTCACT-1,WM
ATTCAACCATTTAAGG-1,WM
ATTCACTGATGTTGGA-1,L6
ATTCAGGACCTATTTC-1,L6
ATTCAGTAGCAGGGTC-1,L5
ATTCATATACTGTCCA-1,L6
ATTCATCGTTGAGGCA-1,WM
ATTCCCACATAAACAA-1,L5
ATTCCCGAAGGTACAG-1,L3
ATTCCTAAGACGTGGA-1,WM
ATTCCTCCGCCAGTGC-1,L6
ATTCGACGCCGGGCCT-1,L5
ATTCGCAGAGGACACT-1,L6
ATTCGCGCCTTGAGAG-1,WM
ATTCGTCCCGAGGTTA-1,WM
ATTCGTGCTATCTCTT-1,WM
ATTCGTGTACCCATTC-1,L6
ATTCGTTTATCGTATT-1,WM
ATTGAAGATCTTAGTG-1,L6
ATTGAATTCCCTGTAG-1,WM
ATTGACCGGCGATGAC-1,WM
ATTGATCACCACATTT-1,L3
ATTGATGAGTCCTAAC-1,WM
ATTGCCTATTAGACCG-1,L4
ATTGCCTTTATGTTTG-1,L6
ATTGCGATCAGTAACT-1,WM
ATTGCTGCTCCTCCAT-1,L6
ATTGGATTACAGCGTA-1,WM
ATTGGGAATATCTTGG-1,L6
ATTGGTAGGATCCGCT-1,L3
ATTGGTTGTGCATTAC-1,WM
ATTGTACAACTCGGCT-1,WM
ATTGTCGCAATACCTT-1,WM
ATTGTCTGTTTCATGT-1,L5
ATTGTTCAACGATCCG-1,WM
ATTTAACTCGTATTAC-1,L6
ATTTACAGTTTACTGG-1,L6
ATTTACTAAGTCCATT-1,WM
ATTTATACTGGTAAAG-1,L6
ATTTCATTATTTCGCG-1,WM
ATTTCCGGGTTCTGCG-1,L5
ATTTGCGCGAGTAGCT-1,L5
ATTTGGAGATTGCGGT-1,L3
ATTTGTCTTGGGAGCT-1,WM
ATTTGTTCCAGGGCTC-1,WM
CAAACCAGGTCTGCAT-1,L3
CAAACCATAAGCGTAT-1,L6
CAAACCCTCCGGCGGG-1,L6
CAAACGAGTATCGCAG-1,L6
CAAACGGTCGCACTTT-1,L6
CAAACTCGCGACGCCG-1,WM
CAAAGATTATTGGGCC-1,L5
CAAAGGTCATCTGAAA-1,WM
CAAATCTCTCACAAGG-1,L5
CAAATGTCCTTCCGTG-1,L6
CAAATTGGATTATGCC-1,WM
CAAATTGTCAGCAAGC-1,L6
CAACACATCTCCTGCC-1,WM
CAACCAGTGGCCTACC-1,WM
CAACCTACCGAGCAGT-1,WM
CAACCTGAACCTGCCA-1,WM
CAACGACCCGTTTACA-1,L6
CAACGAGCTTATTATG-1,L1
CAACGATCGATCCAAT-1,WM
CAACGCGATGAGCCAA-1,L4
CAACGGTTCTTGATAC-1,L6
CAACGTGGTGGAGTCT-1,WM
CAACTATATCGAATGC-1,WM
CAACTCCGTAACTTGC-1,L6
CAACTCCTTGATCCCG-1,L6
CAACTGCTCATCCGAT-1,L6
CAAGACTCAGAAGCGC-1,WM
CAAGAGGGCGGAGTAC-1,WM
CAAGATATTATAACGT-1,WM
CAAGCAACGTCGGAGT-1,L6
CAAGCACCAAATGCCT-1,L6
CAAGCGGCACATAATT-1,L6
CAAGGATCGCATGTTC-1,WM
CAAGGCCAGTGGTGCA-1,WM
CAAGGTCCTATAGGCT-1,WM
CAAGTAAGTGATAGAC-1,L5
CAAGTCGTTGAAATCT-1,L5
CAAGTGTGGTTGCAAA-1,WM
CAATAAACCTTGGCCC-1,WM
CAATACGAGAGTCTGA-1,WM
CAATACGCTCTGAGGC-1,L4
CAATATTCTTGACCTA-1,L5
CAATCCTGCCGTGGAG-1,L5
CAATGACCCTTAATTT-1,L5
CAATGAGGTTCGACTA-1,WM
CAATGCGAGAAGTATC-1,WM
CAATGGATCTCTACCA-1,WM
CAATGTGCCAACCCTT-1,WM
CAATTAAGGGTGATGA-1,WM
CAATTGGGCCGCACTC-1,L3
CAATTTCGTATAAGGG-1,WM
CACAAACCGCAGAACT-1,WM
CACAAGAAAGATATTA-1,WM
CACAAGCTAAGAAAGG-1,L3
CACAATGAGCTGCTAT-1,L6
CACACACGCTAACGAG-1,WM
CACACAGCTTGCGCTC-1,WM
CACACAGGGATAGATT-1,L5
CACACGCGCTGTCTTA-1,WM
CACAGAGACGAGGACG-1,L4
CACAGCACCCACGGCA-1,WM
CACAGCTAGGGAGTGA-1,L6
CACAGGGCCATATAGT-1,WM
CACAGGGCCGTTGTCA-1,L6
CACAGTCCCGCTTCGC-1,WM
CACAGTTCGCTTCCCA-1,WM
CACATATTAGCAGGAT-1,WM
CACATCGTGCACGCGC-1,L5
CACATCTCACCGACGA-1,WM
CACATGATTCAGCAAC-1,L6
CACATTCTTTCGATGG-1,WM
CACATTTCTTGTCAGA-1,WM
CACCAATCATCCGTCT-1,L3
CACCACGCCACACAGA-1,L4
CACCAGTCAGCATGCA-1,L5
CACCCAAATCTTATGT-1,WM
CACCCACACGTCACCC-1,L6
CACCCACGAGGCAATT-1,L6
CACCCGCGTTTGACAC-1,WM
CACCCGGTTTGTGACT-1,L5
CACCCTAACAAGATCT-1,WM
CACCCTTGGTGAGACC-1,L4
CACCGATGATGGGTAC-1,WM
CACCGCCAGAAGGTTT-1,L6
CACCGCGTCCACTCTA-1,WM
CACCGGGCATCACAAG-1,WM
CACCGGTAGAGACATT-1,L3
CACCGTATCCCATCCG-1,WM
CACCGTTAGGGATCAC-1,L5
CACCGTTGCGCGATAT-1,L5
CACCTAATAGAGTCGT-1,L5
CACCTAATCAGTTTAC-1,WM
CACCTCGATGGTGGAC-1,WM
CACCTTGCGAAACTCG-1,WM
CACCTTGGCGCCTTTG-1,WM
CACGAAAGTTAGTCCC-1,L5
CACGAGCAAACCAGAC-1,L3
CACGCACAGCGCAGCT-1,WM
CACGCAGCGAGGCTTT-1,L6
CACGCGGAACTGTTGC-1,WM
CACGGACGTGGATGGC-1,WM
CACGGCGCGCCAAAGG-1,WM
CACGGGATTGAGGGTT-1,L4
CACGTCAATCAATGGA-1,WM
CACGTCGGCAACCTCT-1,L5
CACGTCGGGTTCTAGA-1,L3
CACGTTCGTGCTCTAG-1,WM
CACGTTTCGTACACAC-1,WM
CACTAAAGTTGCCTAT-1,L6
CACTACGGGAGCTGCC-1,WM
CACTCAAGAGCTATGG-1,L6
CACTCCTATGTAAGAT-1,L5
CACTCCTCTCGGTCGG-1,WM
CACTCGAGCTGAACAA-1,WM
CACTCGGTTAGGAGGA-1,L4
CACTCTCAAGCATCGA-1,L5
CACTCTTCTGCTAGCC-1,WM
CACTGACGATTGTGGA-1,L6
CACTGTCCAAGTGAGA-1,L6
CACTTAATCAGACGGA-1,L6
CACTTCGCCACAGGCT-1,L5
CACTTCGTCTTATCTC-1,L4
CAGAACTTAGCCCTCT-1,WM
CAGAATAACACACGGA-1,WM
CAGAATATTCGTTATC-1,WM
CAGACACCGATCGCTG-1,L6
CAGACCTGTAAGTGTT-1,WM
CAGACGAACCTGATAC-1,L6
CAGAGACGGTCACCCA-1,L6
CAGAGCATGAGCTTGC-1,WM
CAGAGCGATGGATGCT-1,WM
CAGAGGCGATGCATGA-1,L6
CAGATAATGGGCGGGT-1,WM
CAGATACTAACATAGT-1,L6
CAGATATGAAGATGAC-1,L3
CAGATCATTTAAAGTC-1,WM
CAGATCCTGGTTTGAA-1,L4
CAGATGTTTGTCCCAA-1,L3
CAGCAGCCCGTTCCTT-1,WM
CAGCAGTCCAGACTAT-1,WM
CAGCAGTCTGTGCTGC-1,L6
CAGCCTCCTGCAGAGG-1,WM
CAGCCTCGATAGCGGT-1,WM
CAGCCTCTCCTCAAGA-1,WM
CAGCGATTCCCTTCAA-1,L6
CAGCGCCAACACGATA-1,L3
CAGCTCACTGAGACAT-1,L6
CAGCTCGACAAGTTAA-1,WM
CAGCTCGTGCTTGTGT-1,L6
CAGCTCTGGGCTCACT-1,L4
CAGCTGGCGTAACCGT-1,L5
CAGCTTAGTAGGTAGC-1,L5
CAGGAAGACTTTATAT-1,WM
CAGGACAGCTGCCCTT-1,WM
CAGGATATATCGTTGT-1,L6
CAGGCAGTCTTACCAG-1,L6
CAGGCCAGTACCACCT-1,L3
CAGGCCGTTTGGGTGT-1,L6
CAGGCGCACGGTGGTC-1,L5
CAGGCGCCATGCTAGG-1,WM
CAGGTTTAGTACTACA-1,L6
CAGTAACTATTTATTG-1,WM
CAGTAAGGGACGTCTC-1,L3
CAGTAATCCCTCCCAG-1,L5
CAGTACATTCTCTAAA-1,WM
CAGTACCAGTTTACGT-1,L5
CAGTAGATGATGTCCG-1,L3
CAGTAGCCCACGCGGT-1,WM
CAGTCGAGGATGCAAT-1,WM
CAGTCGGCCTAGATAT-1,L3
CAGTCTGTATACTGGG-1,WM
CAGTGAATAAATGACT-1,WM
CAGTGGTTGCACATGA-1,L5
CAGTGTCCGCAGAATG-1,L5
CAGTGTCGGCTGGCCC-1,WM
CAGTGTTAATCTCTCA-1,L3
CAGTTCAAATTGACAC-1,L6
CAGTTCCGCGGGTCGA-1,L5
CAGTTCGAGGACCCGA-1,L5
CATAACGGACAGTCGT-1,WM
CATAAGAAGCTTGGCT-1,L6
CATAAGCTCTCCGTCT-1,L5
CATACAAAGCCGAACC-1,L5
CATACACAAAGTCAGC-1,L3
CATACACGGTTCCCAC-1,L6
CATACCCGTACCCAGT-1,L5
CATACGAACTAGCTGG-1,L5
CATACGGCGTCTGGGC-1,L6
CATACTATGTAATTGT-1,L6
CATACTTAGGCAATAC-1,WM
CATACTTCTTTCTCCG-1,L5
CATAGAGGAGATACTA-1,L6
CATAGCCGCCCGGGAT-1,L5
CATAGCGTTGCCCACC-1,L5
CATAGGGACACTTGTG-1,L3
CATAGTACATTGAGAG-1,L6
CATAGTAGCATAGTAG-1,L6
CATAGTCAAATACATA-1,WM
CATAGTCCACAAGAAC-1,L5
CATAGTGGGCACGCCT-1,WM
CATATACTACTGATAA-1,WM
CATATAGGTACAGTCA-1,L6
CATATGTCAGGCTACG-1,L5
CATCAAACTGGCGCCC-1,WM
CATCAACACCTACTAA-1,L3
CATCATTACCCTGAGG-1,WM
CATCCAATATAGTTTG-1,L3
CATCCCGAGATTCATA-1,WM
CATCCGCAGGCCCGAA-1,L4
CATCCTCTCAAAGATC-1,WM
CATCGCCCGCGGCCAA-1,L6
CATCGGACGGGTTAAT-1,L6
CATCGTCCGGTTACTA-1,L4
CATCTAGTGAAGGGAA-1,WM
CATCTATCCCGTGTCT-1,WM
CATCTGCAGGATCATT-1,L4
CATCTTACACCACCTC-1,WM
CATGACTTCGCTGAAT-1,WM
CATGAGATGCACTCTC-1,WM
CATGAGTCCATCACGG-1,L4
CATGATACGGTGAAAC-1,L6
CATGATCGCTTTGAGA-1,WM
CATGATGCACAATTCT-1,WM
CATGATGGAAGTTAGC-1,WM
CATGCACATGAGAGGC-1,L3
CATGCCAACTCGCAAA-1,L5
CATGCGACCAGTTTAA-1,WM
CATGCGTTAGACAGAA-1,L6
CATGCGTTGAGAGGAG-1,L5
CATGGATTGTCTTCCG-1,WM
CATGGCAGGAAGATCG-1,L6
CATGGCTCCCTATGTC-1,L3
CATGGGTATGCCTTAT-1,L6
CATGGGTCGGGTGTGG-1,WM
CATGGTAAGTAGCGTT-1,WM
CATGGTATTAGTTTGT-1,L3
CATGGTCTAGATACCG-1,WM
CATGGTTTATTAATCA-1,WM
CATGTAAGAGACATTT-1,WM
CATGTAGGAGCGCCAA-1,WM
CATGTCTCATTTATGG-1,WM
CATGTGGGCTCATCAC-1,L6
CATTACATAGATTGTG-1,WM
CATTACGCAGGAAGGG-1,WM
CATTACGTCGGCCCGT-1,L6
CATTATCCCATTAACG-1,L4
CATTATGCTTGTTGTG-1,L6
CATTCCCATTCCGTCG-1,WM
CATTCGTCGTAGCGGT-1,WM
CATTGATGAACACGCC-1,WM
CATTGCGAAATGGGCG-1,L4
CATTGCGGGTCAATTC-1,WM
CATTGTGTGCTAGATC-1,L4
CATTTAGCGGACCATG-1,WM
CATTTCTAGCAGACTA-1,L5
CATTTGAGTGGTACGT-1,L6
CCAAACAGAACCCTCG-1,L6
CCAAATAACAAGATTC-1,WM
CCAAATCAAAGGGCAA-1,L3
CCAACCTTATGTAACT-1,L5
CCAACGATGCACTGAT-1,L6
CCAACTTGATAGATCC-1,WM
CCAAGAAAGTGGGCGA-1,L6
CCAAGACTTCTGCGAA-1,L6
CCAAGCGTAACTCGTA-1,WM
CCAAGGAACAGAGAGG-1,L6
CCAAGGTTGCCCTTTC-1,WM
CCAAGTTTCTACAGAT-1,L3
CCAATAGATTTCATCT-1,L3
CCAATAGTGCCGTCGA-1,L6
CCAATCGGTAGATCGA-1,WM
CCAATGTCACAGCAAG-1,L6
CCAATTACGGGTCGAG-1,WM
CCAATTGAATGTTAAT-1,L6
CCACAATGTACGTCTT-1,L6
CCACACTGAGATATTA-1,L6
CCACAGTACCCATCCT-1,WM
CCACATACTGCACCCA-1,WM
CCACATGGCTCTTTAT-1,L3
CCACCAACTTTACTGT-1,L6
CCACCCAAGGAAAGTG-1,WM
CCACCTGTATGGAATA-1,WM
CCACGAATTTAACCTC-1,WM
CCACGAGAAGAGAATC-1,WM
CCACGGAGCCATAAGA-1,L5
CCACGGCAGGTGTAGG-1,L4
CCACGGTGCCCGGTAG-1,WM
CCACGTAAATTAGACT-1,WM
CCACTATCCGGGTCAC-1,WM
CCACTCAGATCCGCAA-1,L6
CCACTGGTGGCTGGTT-1,L5
CCACTGTTTGGATTAA-1,WM
CCACTTTCCTTCTAGG-1,WM
CCAGAAACTGATGCGA-1,WM
CCAGAAAGCAACTCAT-1,L5
CCAGAGACAAAGCCGG-1,L5
CCAGATAGTTGAGTGA-1,WM
CCAGATGTAAATGGGT-1,WM
CCAGCCTGGACCAATA-1,WM
CCAGCGGGATCACCAG-1,WM
CCAGCTCGAACGCATT-1,L6
CCAGCTGATGGTACTT-1,L5
CCAGCTTCCGCCCGCA-1,L5
CCAGGCGAGATGGTCT-1,L2
CCAGGCTGGCGTCTGA-1,WM
CCAGGGACGTGGCCTC-1,L6
CCAGTAGTCTGATCCA-1,WM
CCAGTCAAATCTCTTA-1,L3
CCAGTCTAGACGGCGC-1,WM
CCAGTCTTGTCATAGA-1,L6
CCAGTGTACAGACCGA-1,L3
CCAGTTCGGTAACTCA-1,L6
CCATAAACAACCCGAC-1,L6
CCATAACCTGTGCAGT-1,L3
CCATACCTTTACTTGT-1,WM
CCATACTCGCCTCTCC-1,L3
CCATAGAGGCTGCCAG-1,L3
CCATAGGTTGGCGTGG-1,L6
CCATAGTCAGTAACCC-1,L4
CCATATGGAAACTATA-1,WM
CCATCCATACCAAGTC-1,L5
CCATCGCAGTTAAACT-1,L6
CCATCTCACCAGTGAA-1,WM
CCATGCCCTAGATTTC-1,WM
CCATGCCTGTTTAGTA-1,L6
CCATGCTCTGCAGGAA-1,L6
CCATGGCAAACGCTCA-1,L5
CCATGGCCCTTGTACC-1,L5
CCATGTTCATCTATAT-1,L4
CCATTAGCGATAATCC-1,L6
CCATTCCCTGCCCACA-1,L6
CCATTGTTTCCTCCAT-1,WM
CCATTTCTACCTATTA-1,L6
CCCAAACATGCTGCTC-1,WM
CCCAACATACGTCGCG-1,L5
CCCAAGTCATTACACT-1,WM
CCCAATGAGATTTGCA-1,L5
CCCAATTTCACAACTT-1,L5
CCCACTCCACGGTATC-1,L3
CCCAGAGGAGGGCGTA-1,WM
CCCAGATTCCCGTGAC-1,L4
CCCAGGAAGAATTCGA-1,L5
CCCAGGTCTGAAGGCT-1,WM
CCCAGTAAACTTGGGA-1,L4
CCCAGTTAAGGCGCCG-1,WM
CCCATATAGGTCGATT-1,WM
CCCATTATTGTATCCT-1,WM
CCCGAAGTTTCGCGAA-1,L4
CCCGACCATAGTCCGC-1,WM
CCCGAGTTTCTCCGTA-1,WM
CCCGATAGCCTCGCCT-1,WM
CCCGCAAATAATCATC-1,L5
CCCGCAGCGCGAACTA-1,WM
CCCGCCATGCTCCCGT-1,L6
CCCGCGCAATGCACCC-1,L5
CCCGGCACGTGTCAGG-1,L6
CCCGGGTCGTTCAGGG-1,L5
CCCGGTGGAAGAACCT-1,L5
CCCGGTGTATCGGAAT-1,L4
CCCGTAAGTCTAGGCC-1,L5
CCCGTAGCTGGGAAGA-1,L5
CCCGTCAGCGTCTGAC-1,L6
CCCGTGACAGTGCCTT-1,L6
CCCGTGAGGGCGGTGA-1,L3
CCCGTTTCGCAGATGT-1,WM
CCCTACCCACACCCAG-1,L6
CCCTACTTGAACAATG-1,L6
CCCTAGCTCTAAGGTC-1,L5
CCCTAGGCAACAAGAG-1,L3
CCCTATGTAGAGCAGA-1,L5
CCCTCAAGCTCTTAGT-1,L3
CCCTCAGATCGAGAAC-1,L3
CCCTCATCACAGAGTA-1,L3
CCCTCATTCTGGAATT-1,L6
CCCTCCTCGCTCGTAT-1,WM
CCCTCGATAATACACA-1,L4
CCCTGAAATGAGTTGA-1,L6
CCCTGACTAACAAATT-1,L4
CCCTGATGTAACTCGT-1,L4
CCCTGCCCAATCCGCT-1,L5
CCCTGCGCTACGCATA-1,L5
CCCTGGCTGTTCCTTC-1,L3
CCCTGGGAGGGATCCT-1,L5
CCCTTTAATGGAGTTC-1,WM
CCCTTTGACAGGTCTT-1,L6
CCGAAACACGACCTCT-1,L1
CCGAAAGTGGTGAGCA-1,L5
CCGAACACTGGGCCTC-1,L5
CCGAACCTTCCCGGCC-1,WM
CCGAAGCATTGACCAA-1,L3
CCGAAGGGCGTACCGC-1,WM
CCGAAGTATATTGTTC-1,L5
CCGACAAACACATGAG-1,L4
CCGACAAAGGGAGTGC-1,L5
CCGACAATAGGCCGCC-1,WM
CCGACGGGCATGAGGT-1,L5
CCGACGTAAACACAAC-1,WM
CCGAGAAGTCGCATAA-1,WM
CCGAGCTGTGCTTGTC-1,WM
CCGATATGACGTAAGG-1,WM
CCGATCTCAACCTTAT-1,WM
CCGATTCGAGGGACCC-1,L5
CCGCACAAAGACCAAC-1,WM
CCGCACACGAACGTGT-1,WM
CCGCACGTGACCTCGG-1,L5
CCGCACTTGCAATGAC-1,WM
CCGCATGTGGTACGAT-1,L6
CCGCCGGAACTTCTCG-1,L4
CCGCCGGTCAACACAC-1,L6
CCGCCGTTGAGGATAA-1,WM
CCGCCTGCGAATTGGT-1,WM
CCGCCTTGCGATGTCG-1,L4
CCGCGATTTGGTAGGT-1,L4
CCGCGCAAGATACCCA-1,L3
CCGCGGAATGCGTCAC-1,L6
CCGCGGGTACGAAGAA-1,L5
CCGCGTAGGTAAGGGC-1,L5
CCGCTATCAGCACCAG-1,L6
CCGCTCCAGGGCGATC-1,L6
CCGCTCCGGATAAGCT-1,L2
CCGCTCTTCCGAACTA-1,WM
CCGCTTACCTCACTCT-1,L5
CCGCTTGCTGACATGG-1,WM
CCGGAAGTGCAATATG-1,WM
CCGGAAGTTATCAGTC-1,WM
CCGGAATGGTTTCAGT-1,L5
CCGGAGCGTACTTTCT-1,L6
CCGGAGGTCTTATGGT-1,WM
CCGGCACGACCGTTTC-1,WM
CCGGCCGCGAGCATAT-1,L3
CCGGCGCATATTGGAT-1,L6
CCGGCGTGAGACTCTG-1,L4
CCGGGACCCGCAGAGA-1,L6
CCGGGCGGTCTCGTCA-1,WM
CCGGGCTAAGAATTTC-1,L3
CCGGGCTGCTCCATAC-1,WM
CCGGGTTCGAGGTTAC-1,L5
CCGGTAATGGCTAGTC-1,WM
CCGGTATCTGGCGACT-1,L6
CCGGTTTGTAATTGTG-1,L5
CCGTAAGTTGGTCCCA-1,WM
CCGTAGGAAATCCCTG-1,WM
CCGTAGGGTTGTTTAC-1,WM
CCGTATCTCGTCGTAG-1,L5
CCGTATTAGCGCAGTT-1,WM
CCGTCAACCTCTGGCG-1,L3
CCGTGAGGCATTCATG-1,WM
CCGTGCCCATGACGGC-1,L6
CCGTGGAACGATCCAA-1,WM
CCGTGTTAAATTCCAT-1,L5
CCGTTACGTTAGAACA-1,WM
CCGTTCCGAATCTCGG-1,L5
CCGTTTCCTTTCCGTG-1,L5
CCTAAAGGCTGACGCT-1,WM
CCTAAATTAACGGTTC-1,WM
CCTAAATTGTATCCTA-1,WM
CCTAACCCAAACAAGT-1,WM
CCTAACTAAGGCTCTA-1,WM
CCTACAGTTGAGGGAG-1,L6
CCTACATTCACAGACG-1,L5
CCTACGGCTCAGTCGA-1,L5
CCTACTCAACACGATT-1,WM
CCTACTGCGGCGGCCA-1,WM
CCTACTGCTTACACTT-1,L6
CCTAGGCGTAGCGATC-1,WM
CCTAGGTAAAGGTAGC-1,L4
CCTATAATGAGTGCCC-1,WM
CCTATACCGTCCTGTC-1,L6
CCTATATCGTGTCACG-1,L3
CCTATATTTGTCCTGG-1,L5
CCTATCTATATCGGAA-1,WM
CCTATGAAGTGGTGCC-1,WM
CCTATGGCTCCTAGTG-1,L5
CCTATGGGTTACCGTC-1,WM
CCTATGGTCAAAGCTG-1,L6
CCTATGTCCACTCCAC-1,WM
CCTATTATTCCGGCCG-1,L3
CCTCAACGATCGCTGT-1,L3
CCTCACCAATCTTGAC-1,L5
CCTCACCTGAGGGAGC-1,WM
CCTCACCTTAGCATCG-1,WM
CCTCACGTCAGCTAAT-1,WM
CCTCCGACAATTCAAG-1,L6
CCTCCTAGCTAGAGTC-1,L3
CCTCCTGAGCCCACAT-1,L4
CCTCCTGTTGTGTCGT-1,WM
CCTCGAAGTGGACGGG-1,L6
CCTCGCCAGCAAATTA-1,WM
CCTCGCGCGATATAGG-1,WM
CCTCGCGCTGTGCGAT-1,L6
CCTCGGACCGGGATAG-1,WM
CCTCGGATGCTACCTG-1,L4
CCTCGGTTTCCTTGCC-1,L5
CCTCTAATCTGCCAAG-1,WM
CCTCTACAAGGATTGG-1,L4
CCTCTATCGATTAGCA-1,L5
CCTCTCTCCCATCTAG-1,L5
CCTCTGGCCTAGACGG-1,L6
CCTCTGTACTATTCTA-1,L6
CCTGAACGATATATTC-1,WM
CCTGAATATTTACATA-1,WM
CCTGACAAACTCGCGC-1,L3
CCTGACCACCGATGGT-1,L6
CCTGAGAATAAATGCA-1,L4
CCTGATTCGCGAAGAA-1,L6
CCTGCCCGTTGTCTAG-1,L4
CCTGCGTTCTACGCTT-1,L5
CCTGCTACAACCATAC-1,WM
CCTGCTATTTGAGAAG-1,L6
CCTGGAAACGTTCTGC-1,WM
CCTGGCTAGACCCGCC-1,L6
CCTGGTCGAATGTGGG-1,L6
CCTGTAAGACATGATA-1,L6
CCTGTACTCACGCCCA-1,L5
CCTGTCACCCGGGCTC-1,WM
CCTGTCCCTCACGTTA-1,WM
CCTGTCGCCCGTAAAT-1,WM
CCTGTCGTGTATGAAG-1,L2
CCTGTGAAACCGTAAC-1,L3
CCTGTTCAACCTCGGG-1,L5
CCTGTTTGAAGACACG-1,WM
CCTTAAGTACGCAATT-1,L6
CCTTCAGTTAAAGTGA-1,L5
CCTTCCGCAACGCTGC-1,L3
CCTTCGTATAGAATCC-1,L5
CCTTCTCAGCGTTCCT-1,L5
CCTTCTTGATCCAGTG-1,WM
CCTTGACCACTTTATT-1,WM
CCTTGTGAACGTGGTT-1,L5
CCTTTAAGGGAGCACT-1,L5
CCTTTCAATGAAGAAA-1,WM
CCTTTGAATTATGGCT-1,L3
CGAAACGCAATTCATG-1,L5
CGAACAGTATGGGCGT-1,WM
CGAACCCGCATGCGTC-1,L6
CGAACCTCTTTCCTAG-1,L3
CGAACGCCCAGTGCCG-1,L6
CGAACGGCCGGACAAC-1,L5
CGAAGACGGTGAGTGC-1,L3
CGAAGATCAGTTTCAT-1,L5
CGAAGCCACAGCATGG-1,L2
CGAAGCTATAAATTCA-1,WM
CGAAGGGTTTCAGATT-1,L3
CGAAGTTGCTCTGTGT-1,L6
CGAATCTGCTCGACGC-1,L4
CGAATGAAGTCATTGC-1,L4
CGAATGACGCATAATG-1,L6
CGAATGGTAGGTCGTC-1,L3
CGAATTCCCGGTTCAA-1,WM
CGACAATTTGATCTAA-1,WM
CGACACGCTCCGACAG-1,WM
CGACAGTTCGCGTTAT-1,L6
CGACCCTTAACGCCGG-1,L4
CGACCGTTGGTATTCG-1,L3
CGACCTACTAGACAAT-1,L3
CGACGCATCCGTACCT-1,L4
CGACTCAGGATGTTAT-1,WM
CGACTTGCCGGGAAAT-1,L2
CGACTTTGTATAGCCT-1,WM
CGAGACCCTAGAGTGT-1,L6
CGAGACTACTGCTGCT-1,L6
CGAGAGATGTGAACCT-1,WM
CGAGAGCGCGTAGATA-1,L4
CGAGAGCTTTCACTAC-1,WM
CGAGAGGGTAGCCGCG-1,WM
CGAGATTTCGCTCGGG-1,WM
CGAGCACTTCAAGTTT-1,L5
CGAGCGTTGATCAGCC-1,L6
CGAGCTGGGCTTTAGG-1,L6
CGAGGAGCTTCCATAT-1,WM
CGAGGATCGGGAACGA-1,WM
CGAGGCCAGGCATTGG-1,L5
CGAGGCTAAATATGGC-1,WM
CGAGGGACTGCGGTCG-1,WM
CGAGGGTATCCAGGTG-1,L6
CGAGTACTAAAGAGGA-1,L5
CGAGTGAAGGTACCAG-1,L5
CGAGTTCTGTCCCACC-1,WM
CGAGTTTATCGGACTG-1,WM
CGATAATACTCAGGTT-1,WM
CGATACCTCGCGGACA-1,L6
CGATAGCGATACAGTG-1,L3
CGATAGTCGTACTGCA-1,WM
CGATCCACCATTGTTG-1,L5
CGATCCGACCCAGTGC-1,L6
CGATCCTCGCAACATA-1,L5
CGATCGAGAAGCACCA-1,L5
CGATCTGTTGGAGGAC-1,L5
CGATGGACCCTACGCC-1,WM
CGATGTTGTTATCTAC-1,L4
CGATTAAATATCTCCT-1,L6
CGATTCGCCTGGCTGC-1,L6
CGATTTGTCATTAATG-1,L3
CGCAAACACGAGTTAC-1,L6
CGCAATCGATCATTAG-1,L3
CGCAATTACTTTCGGT-1,L5
CGCAATTAGGGTAATA-1,L6
CGCAATTCTACAATAA-1,L5
CGCACATGTCCACTAC-1,WM
CGCACGTCTGTTTATG-1,L4
CGCACGTGCGCTATCA-1,WM
CGCAGATCTTCACCCG-1,WM
CGCAGGCGATCCAAAC-1,WM
CGCAGTTCTATCTTTC-1,WM
CGCATCCATCAGCCAG-1,WM
CGCATGCCGAATGCGT-1,WM
CGCATGGTGCGATGCT-1,WM
CGCATTAGCTAATAGG-1,L6
CGCCAAGAAGCCGAGT-1,L5
CGCCACAGGTCGCGAT-1,L3
CGCCAGTAGTACCTTG-1,L1
CGCCATCCGATTATGA-1,WM
CGCCCAGCACGCCTAG-1,L5
CGCCCAGCGTTTCACG-1,WM
CGCCCGCTTCCGTACA-1,WM
CGCCCTAATTGTTCAA-1,L3
CGCCCTTGAAGGCTGA-1,L5
CGCCGACTATTCGCTA-1,L3
CGCCGCCCATGCCTGT-1,WM
CGCCGCGTTCTGAACG-1,L5
CGCCGTCTACCCATCG-1,WM
CGCCGTTCAGCATAGT-1,WM
CGCCTCCCTCCTCTAT-1,WM
CGCCTGGCCTACGTAA-1,L5
CGCCTTTAGCATGCTC-1,WM
CGCGAAGTGGCATACT-1,WM
CGCGACACTGCGCAGC-1,L4
CGCGACCGCGACAGAT-1,WM
CGCGAGAGGGACTTGT-1,WM
CGCGAGTCTGCCGGGT-1,L5
CGCGCAAATGTCCAGA-1,L5
CGCGCATGTTTGATTG-1,L6
CGCGCCCGACTTAATA-1,WM
CGCGGCTCAACTTGAA-1,WM
CGCGGGAATTAGGCAG-1,WM
CGCGGGAATTCCTTTC-1,L6
CGCGGTAAGTCTAGCT-1,WM
CGCGGTACGGTATACA-1,WM
CGCGGTCACAAACCAA-1,WM
CGCGTGGGCCTGTGTT-1,L2
CGCGTTCATGAAATAC-1,L6
CGCTACGGGACATTTA-1,L6
CGCTAGAGACCGCTGC-1,WM
CGCTATACCGCCCACT-1,L5
CGCTATTCAATGTATG-1,L5
CGCTATTCTTAGGCTC-1,WM
CGCTCGACATAATGAT-1,L6
CGCTCTCCGTAGATTA-1,L6
CGCTGGTGACTACCCT-1,WM
CGCTGTGACGCCGCAC-1,L6
CGCTGTGTGGATGTTG-1,L5
CGCTTAGTATTGATAC-1,L6
CGCTTATTCCCGGTCG-1,L5
CGCTTCCACTGAAATC-1,L6
CGCTTCGGTCTAAGAC-1,WM
CGCTTGGACGGATAGA-1,WM
CGCTTTCATACCGGTG-1,L6
CGCTTTCCGCCAAGGT-1,L6
CGCTTTCTTGCATTCG-1,WM
CGGAAAGAATCAAACG-1,L5
CGGAAAGCAAATGTGC-1,L3
CGGAACGTAAACATAG-1,L6
CGGACCTCTGTAGTTA-1,L5
CGGACCTTTACGTCCC-1,L6
CGGACGTTACTTGAAG-1,L3
CGGAGCAATTTAATCG-1,L6
CGGAGCATGGCGATCC-1,WM
CGGAGTTTGAGAGACA-1,L6
CGGATAAGCGGACATG-1,L5
CGGATCCTCAAGGACT-1,L6
CGGATGAATGCTGTGA-1,L3
CGGATTCTGCCTTATG-1,L3
CGGCAAACATCGTGCG-1,L6
CGGCAATAAGATCGCC-1,WM
CGGCAGGGTCGGGTTG-1,WM
CGGCCACGCACAAAGT-1,L6
CGGCCAGAGCGACCAT-1,L5
CGGCCCAACCTGTAGT-1,WM
CGGCCCAGGTATATCC-1,WM
CGGCGCCATCAATCCC-1,WM
CGGCTCTAAAGCTGCA-1,L6
CGGGAACGCCCTGCAT-1,L2
CGGGAAGTACCGTGGC-1,L3
CGGGAATATAGTATAC-1,WM
CGGGAATTTATGTAAA-1,L6
CGGGAGCTTCAGTGTA-1,WM
CGGGAGTATACCGCCG-1,L5
CGGGATCAATGTAAGA-1,L6
CGGGCAGCTAAACCGC-1,L6
CGGGCCATAGCCGCAC-1,L5
CGGGCCTTCTTTGTAA-1,L6
CGGGCGATGGATCACG-1,L6
CGGGTGTACCCATTTA-1,WM
CGGGTTTGTTAGGGCT-1,WM
CGGTACGGCAAACCCA-1,L3
CGGTACTAGAATCAAA-1,WM
CGGTAGAGGTGCAGGT-1,WM
CGGTATGGGCACTCTG-1,L6
CGGTCAAGTGGGAACC-1,WM
CGGTCAGTCCATATTT-1,WM
CGGTCCATGAGACTCC-1,WM
CGGTCCGTCGCAAGCC-1,L5
CGGTCTATCAACCCGT-1,WM
CGGTGAAGACTAAAGT-1,L5
CGGTGCAGATAGAACG-1,L5
CGGTGCGCGTTGGTCC-1,L5
CGGTGGGCTCCAGCCT-1,WM
CGGTGTACTTGATCCC-1,L5
CGGTTATCCAACAGTG-1,WM
CGGTTCAAGTAGGTGT-1,WM
CGGTTGACCTGGCATA-1,L5
CGGTTGAGTATCCTTC-1,L4
CGGTTGGGCAGGGTCC-1,L6
CGGTTTACTGAACATT-1,L3
CGTAAAGCAAGAAATC-1,L4
CGTAAATAACAAAGGG-1,L5
CGTAACTTCGACACTT-1,L5
CGTAATAATTACGAGT-1,L3
CGTAATATGGCCCTTG-1,WM
CGTACCTGATAGGCCT-1,WM
CGTAGAGAGTAATTAT-1,L6
CGTAGCGAATTGTCAG-1,L6
CGTATCTAGAACTAAG-1,WM
CGTATTAAGAGATCTA-1,L6
CGTATTGTTTCCTAAT-1,WM
CGTATTGTTTGGCGCC-1,L1
CGTCAAATGGTCGCAG-1,WM
CGTCAAGGCTATAAAT-1,L5
CGTCACGTCCATTGGT-1,L6
CGTCAGCTATTTACTC-1,L3
CGTCATACCATATCCA-1,L5
CGTCCTCATCGCGTGC-1,WM
CGTCGCATGTGAGCCA-1,L6
CGTCGCTTGGTTATAC-1,L5
CGTCGGATAGTGTTGA-1,WM
CGTCGGGTCTAAGCGC-1,L5
CGTCGTCCTTCGCGAA-1,L6
CGTCTGGAAGGGCCCG-1,L6
CGTCTTGAGTGTGACG-1,WM
CGTGAACTGACCCGAT-1,L1
CGTGAAGTTAATTCAC-1,L6
CGTGACATTGGGTCGT-1,WM
CGTGACCAGTCCTCTG-1,L6
CGTGCACACCACTGTA-1,L6
CGTGCAGACTGGGACA-1,L6
CGTGCATTGTCGACGC-1,L5
CGTGCCCTCCCGAAGA-1,WM
CGTGCTTCTACCTAAA-1,L5
CGTGGAAGCCTCGTAC-1,WM
CGTGGCCGAATATCTA-1,WM
CGTGGTACCCAAAGGC-1,L5
CGTGTATGGGAGCTGA-1,WM
CGTGTCCCATTCGCGA-1,L6
CGTGTCTCGTTACGAC-1,L5
CGTGTGTTAAACCCTG-1,WM
CGTTAAACTAGTTAGG-1,WM
CGTTAAATACGACCAG-1,WM
CGTTAATGTCCCGACG-1,WM
CGTTAGCTCACAACTG-1,WM
CGTTATCATACTTCCA-1,L3
CGTTCAAGGAAACGGA-1,L5
CGTTCAGACCCGCGAA-1,L6
CGTTCATGGTGCGCGT-1,L5
CGTTCTTCGCACACCT-1,WM
CGTTGAATACCGCGCT-1,WM
CGTTGAGCGACCGTCG-1,WM
CGTTGCCCGCGTGGGA-1,L5
CGTTGTAAACGTCAGG-1,L4
CGTTGTAAGATTGATT-1,WM
CGTTGTCGGCAATTGA-1,L6
CGTTGTTTCAATTCCC-1,L6
CGTTTAAGCGGAGCAC-1,L6
CGTTTACAAGGCAGCT-1,WM
CGTTTCACTTCGGGCG-1,WM
CGTTTCGCTCATTACA-1,L6
CGTTTCGGTTATATGC-1,WM
CGTTTGGTGTTGTGGG-1,WM
CGTTTGTGTAGAGGGT-1,L5
CTAAAGAATGCCTACT-1,L5
CTAAAGGATGAGATAC-1,L5
CTAAAGGGAAATAGGA-1,L6
CTAAATCCGGTGTACA-1,L5
CTAAATCCTATTCCGG-1,WM
CTAACAGCACAATAAC-1,L3
CTAACCGCGCGCCCGT-1,L6
CTAACGAAACTTGCTG-1,WM
CTAACTGATAATCGCC-1,WM
CTAACTGGTCCGGTTC-1,L5
CTAAGGGAATGATTGG-1,WM
CTAATTCGCACGCGCT-1,L6
CTAATTCTCAGATATT-1,WM
CTAATTTCAACAACAC-1,L5
CTACAAGAAATAACCC-1,L5
CTACACTCGCAGATGG-1,WM
CTACATATCGCGGGAC-1,L3
CTACCCTAAGGTCATA-1,WM
CTACGACTAGCTATAA-1,L5
CTACGATCCTATCCTA-1,L3
CTACGCACGGAGTACC-1,L6
CTACTATCATAGGTTT-1,L5
CTACTATCTTTCAGAG-1,WM
CTACTCAAGGTATAGT-1,L5
CTACTCTAGGCCCGGC-1,L5
CTACTGCCACCTGACC-1,L6
CTAGATGTGAGTGTAA-1,WM
CTAGATTTACGACGGC-1,WM
CTAGCATAGTATAATG-1,WM
CTAGCCACAGGCGAGC-1,WM
CTAGCCCGGGAGACGA-1,L4
CTAGCCGATGTTATGA-1,WM
CTAGCTTAATGGTCCC-1,WM
CTAGGCGCCCTATCAG-1,WM
CTAGGGATAGGGACAA-1,L5
CTAGGTCTGAAGGAAT-1,WM
CTAGGTTCGGACGTGA-1,L6
CTAGTAGAAAGGGATT-1,L6
CTAGTATTCGGAATTA-1,WM
CTAGTCACGTCTTAAG-1,WM
CTAGTGAAGGACAGGA-1,L5
CTAGTTACAACCCGGT-1,L6
CTAGTTGGGCCCGGTA-1,WM
CTATAAGAGCCAATCG-1,WM
CTATAAGTAGGGTTTG-1,L2
CTATACTTAAAGCGAG-1,L3
CTATAGGCGTTGATGT-1,L5
CTATATCCAGCCTGGC-1,L4
CTATCACAACGCTGGA-1,L6
CTATCGACGAAATACA-1,WM
CTATCGCGTAGAGAAC-1,WM
CTATCGGGTCTCAACA-1,WM
CTATGAACACCTTGCC-1,L3
CTATGCCCGAATGCAA-1,L6
CTATGGGAAGCGGAAT-1,WM
CTATGTCACTAGCCCA-1,WM
CTATGTGAGTCACGGC-1,L5
CTATTCATGTGTCCCA-1,L6
CTATTGTGTTTGGTCA-1,WM
CTATTTGCTTGGAGGA-1,L5
CTATTTGGTTACGGAT-1,WM
CTCAAACCACTGCCCG-1,L5
CTCAACTAACCCGGAT-1,WM
CTCAAGACATTAGCGC-1,WM
CTCACACGCAAGCCTA-1,WM
CTCACATTTACTAAAT-1,L6
CTCACCAGTACAAGTG-1,L3
CTCACTGTGATACTTA-1,L6
CTCACTTGGCTGGTAA-1,L5
CTCAGAGCTAATGTCG-1,L5
CTCAGATTGTGATAAG-1,L3
CTCAGGACTCACCTGT-1,L5
CTCAGTCACGACAAAT-1,WM
CTCATAAATGTGTATA-1,WM
CTCATCACTTAGTGAT-1,WM
CTCATGGCTCACAATC-1,L6
CTCATGGTAATTTGCG-1,L5
CTCATTAACGTTGCCC-1,WM
CTCATTCGTGAACATC-1,L3
CTCATTGCTCTAACAA-1,WM
CTCATTTGATGGGCGG-1,L6
CTCCCAATGAGTCGCG-1,WM
CTCCCTCCTTTCGATC-1,L5
CTCCCTTGTATCAAGG-1,L1
CTCCGCCCACATGAGG-1,L6
CTCCGGCCTAATATGC-1,L6
CTCCGGCTTGTAGACA-1,L5
CTCCTAGTAATCGTGA-1,L3
CTCCTCCAGCTCACAC-1,L5
CTCCTGTTCAAGGCAG-1,WM
CTCCTTTACGCAAGTC-1,WM
CTCGAGACATACGATA-1,L3
CTCGAGGCAAGTTTCA-1,L4
CTCGAGGTCGAACAGT-1,L6
CTCGATATTTGCGAGC-1,WM
CTCGCACCTATATAGT-1,WM
CTCGCATTGCATAGCC-1,L3
CTCGCCGAATGTAGGG-1,L6
CTCGCTAGGTAAGCGA-1,L6
CTCGGGATAACACCTA-1,WM
CTCGGGTTCTCTGGCC-1,L5
CTCGGTACCACTGCTC-1,WM
CTCGGTCCGTAGCCTG-1,L6
CTCGGTTGTCGGCCCT-1,L5
CTCGTCGAGGGCTCAT-1,L4
CTCGTCTGTGCCTTCG-1,L6
CTCGTGGCACTGAAAG-1,L5
CTCGTTACGGCTACCA-1,L5
CTCGTTTCTAATGTTT-1,WM
CTCTAACACCGGCAGC-1,L6
CTCTAATGCATTGATC-1,WM
CTCTACACTGGCGATT-1,L5
CTCTACATCCTGCGTG-1,L5
CTCTAGCCCTCGGAAA-1,WM
CTCTATTTGGCTGCAG-1,WM
CTCTCACAATCGATGA-1,WM
CTCTCGCTGTACTATG-1,L3
CTCTCTAACTGCCTAG-1,L5
CTCTGCAGGCATTCTT-1,L3
CTCTGGACGCCTGGTG-1,WM
CTCTGTCCATGCACCA-1,L6
CTCTGTTTGAGGATTC-1,L6
CTCTTCTATTGACTGG-1,WM
CTCTTCTGGAAGTTAG-1,L5
CTCTTGTCCCGCTTGG-1,L6
CTGAAAGAGATCCGAC-1,L6
CTGAATCCGAGACCTC-1,L6
CTGAATTTATTGCCAG-1,WM
CTGACATAGAAATAGA-1,WM
CTGACTGCGCAGCTCG-1,WM
CTGAGAAAGTTCGGCG-1,WM
CTGAGAGTAGAAATAC-1,WM
CTGAGCAAGTAACAAG-1,L5
CTGAGCGAGACTTATT-1,WM
CTGATAGTGTATCTCA-1,L5
CTGATCCCTTTATGCA-1,L4
CTGCAAGCACGTTCCG-1,WM
CTGCACAACTACATAT-1,WM
CTGCACCTAGTCCACA-1,WM
CTGCACCTGGAACCGC-1,L6
CTGCACTCCAGTACAG-1,L6
CTGCAGAGAATCAGAG-1,WM
CTGCAGGGTGACGCTC-1,WM
CTGCCAAGGTTGGAAG-1,WM
CTGCCATGCATCACAT-1,WM
CTGCCCACGAAGCGTT-1,L4
CTGCCTCATATGCAAC-1,WM
CTGCCTTTAATACCTT-1,L5
CTGCCTTTCTAGTAAA-1,WM
CTGCGACCTCGCCGAA-1,L6
CTGCGATTTCGAGATT-1,L5
CTGCGGGTGAAATGTT-1,L5
CTGCGTTACGATATAA-1,WM
CTGCTCTCAACACACC-1,WM
CTGCTCTGACGGCAAA-1,L5
CTGCTGAGGCCACGAA-1,L5
CTGCTGTCTAACGAGC-1,WM
CTGCTTGGCGATAGCT-1,WM
CTGCTTTATGTCCGCG-1,WM
CTGGAAATGGATGCTT-1,L6
CTGGAAGACACGGTGG-1,WM
CTGGACGCAGTCCGGC-1,L4
CTGGATTTACACTTGA-1,L6
CTGGCATCCGAATGAG-1,L5
CTGGCGACATAAGTCC-1,WM
CTGGCGATTTACATGT-1,WM
CTGGCGCACAGGTCTG-1,WM
CTGGCGGGAATAAGTA-1,L5
CTGGCTGATTCATCCT-1,WM
CTGGCTGGTTGTCAGT-1,L6
CTGGGATAAATAATGG-1,WM
CTGGGATACGCTACCC-1,WM
CTGGGCCTGCTATATC-1,L5
CTGGGCTACTGGAGAG-1,WM
CTGGGTAGGCAGTTAA-1,WM
CTGGGTTGAGTTAAAG-1,L4
CTGGTAAAGACTTACA-1,WM
CTGGTAAAGTGTGGGC-1,WM
CTGGTAACACATAGAA-1,WM
CTGGTAACGAGCTCTT-1,WM
CTGGTCATTCCAATCC-1,L5
CTGGTGAATGGGCCTA-1,L4
CTGGTTCGCGAGCTAC-1,WM
CTGGTTTCGAGCAAGA-1,L6
CTGTACTTCTTAGCAT-1,L6
CTGTAGCCATCTCACT-1,L6
CTGTAGTGAGGATCGA-1,L5
CTGTATGGTGTAGAAA-1,L5
CTGTCAAATGGCTCGG-1,WM
CTGTGCAGGGTAGGTC-1,WM
CTGTGGTCGGGAGATA-1,WM
CTGTTACCCAATCTAG-1,L6
CTGTTCACTGCCTGTG-1,L6
CTGTTCATCTCACGGG-1,L6
CTGTTGGCTCTTCTGA-1,L3
CTGTTGTTCAGTCGTA-1,L3
CTTAAATAAGACCCAT-1,L4
CTTAACTTACAGTATA-1,WM
CTTAAGCAGCGAGCCG-1,L3
CTTAATCGACTTAGTA-1,L5
CTTACACGGTATTCCA-1,L6
CTTACACTGGGAAATA-1,L6
CTTACATAGATTTCTT-1,L6
CTTACTGACTCCTCTG-1,WM
CTTAGATGTTTCATCC-1,L5
CTTAGCCCGGATAGTG-1,L4
CTTAGCCTTCCACATG-1,WM
CTTAGGTATAGACCAG-1,L3
CTTAGGTCCCAATCGT-1,WM
CTTAGTAGGCCTACAG-1,WM
CTTAGTGTAGTAGCAT-1,WM
CTTAGTTGAGGAATCG-1,L5
CTTATAGATGGCTGTT-1,WM
CTTATGCGCTCAGGGC-1,L4
CTTATGTTGACTACCA-1,L5
CTTCAACTCCACTTGG-1,WM
CTTCACGCCCTGGTAC-1,L3
CTTCAGTGGTCGCCTA-1,L4
CTTCAGTTGGACAACG-1,L6
CTTCATAGCTCAAGAA-1,L6
CTTCATCACCAGGGCT-1,L6
CTTCATTGTCAGTGGA-1,L6
CTTCCGCTCCGTGAAG-1,L6
CTTCGATTGCGCAAGC-1,L6
CTTCGGCCAATTGTTT-1,WM
CTTCGTAGATAGGTGA-1,L6
CTTCTATGTTGAAGTA-1,L5
CTTCTATTAATGCTAG-1,L6
CTTCTGGGCGTACCTA-1,L5
CTTCTTACGTCGTATA-1,L6
CTTGAGTTAGGGTAAT-1,WM
CTTGATGACCATCCAG-1,WM
CTTGCAACCGCCTCCT-1,L5
CTTGCCCACCCACGCA-1,WM
CTTGCCCAGGCTCTAC-1,L6
CTTGGCCAAGCTGGGA-1,L6
CTTGTACTTGTTGACT-1,L6
CTTGTCAACATTCGAG-1,L6
CTTGTGCTCACCGATT-1,WM
CTTGTTGCTGAGTCAA-1,WM
CTTGTTTATGTAGCCA-1,L5
CTTTAACTTTCAAAGG-1,WM
CTTTAATATTGGTCGA-1,L6
CTTTACCGAATAGTAG-1,WM
CTTTAGGAACACTGTT-1,WM
CTTTAGTGCTATTATT-1,L6
CTTTATCCGACGCATG-1,L5
CTTTCTGTGCGGGCTT-1,L6
CTTTGACGTCGCTTCT-1,L3
CTTTGCATCGCTCTTG-1,WM
CTTTGCTGTCATGGAT-1,WM
CTTTGGCGCTTTATAC-1,L5
CTTTGGCTTTAGTAAA-1,L6
CTTTGGGATTGTTGCA-1,L5
CTTTGTCGAATGCTCC-1,L3
GAAACAGATGACCACC-1,WM
GAAACAGCCATGCAGT-1,L6
GAAACATAGGAAACAG-1,L4
GAAACCATGGTGCGCT-1,WM
GAAACCGAATTACCTT-1,L6
GAAACCTATACAAATG-1,L6
GAAACTCGTGCGATGC-1,L5
GAAACTCTAATGAAGG-1,L6
GAAAGAACAGCGTTAT-1,WM
GAAAGCAGTGCACTTT-1,L6
GAAAGCCCTTTGGACC-1,L5
GAAAGTGACTAACTGC-1,L6
GAAATACTAAACGTTT-1,L5
GAAATATCACCATCAG-1,L5
GAAATATGCTTGAATG-1,WM
GAAATCGCGCGCAACT-1,L6
GAAATCTGACCAAGTT-1,L3
GAAATGGCGGTGTTAG-1,L6
GAAATGGGATGTAAAC-1,L4
GAAATTAGCACGGATA-1,WM
GAAATTCACATCGCTG-1,L6
GAAATTGTCTCTATAA-1,L6
GAACAACTGGGATGAA-1,L6
GAACACACATCAACCA-1,L6
GAACAGATTACTAAAT-1,L6
GAACATTAGTATGTTA-1,L6
GAACCCTCTGTGTTCT-1,L6
GAACCTCGACCTACAC-1,L4
GAACCTTTAACGATCC-1,L6
GAACGACCGAATGATA-1,L6
GAACGATAAGTTAAAG-1,WM
GAACGCGGGTCACACG-1,WM
GAACGTCTCATGGTCG-1,WM
GAACGTTAGGAAGACG-1,L5
GAACGTTTGTATCCAC-1,WM
GAACTGTGGAGAGACA-1,L6
GAACTTGTGCACGGGA-1,WM
GAAGAAACGATATTGT-1,L5
GAAGAACGGTGCAGGT-1,L6
GAAGCCACTGATTATG-1,L6
GAAGCCGGGTAAGCTC-1,L3
GAAGCCTGCACATTCC-1,L6
GAAGCGTGAGGAATTT-1,L6
GAAGCTCGGACCCGTC-1,L5
GAAGCTCTTTGCTTAG-1,L3
GAAGCTTGCTGACCGC-1,L6
GAAGGAGTCGAGTGCG-1,L6
GAAGGCTACCATTGTT-1,WM
GAAGGGTCATTAAGAC-1,L6
GAAGTCAGTTGCACTA-1,L6
GAAGTCTCCCTAGCGA-1,WM
GAAGTGATTTATCGTG-1,L6
GAAGTGCTGGATAGCT-1,L6
GAAGTTTCCACTCAAT-1,L6
GAATAGACGCGACCCA-1,WM
GAATAGCATTTAGGGT-1,WM
GAATAGCCCTGCGGTC-1,WM
GAATAGTGCTCGATTA-1,L5
GAATATTCGGAGTCCC-1,WM
GAATCGACATGGTCAC-1,L6
GAATCTGAACATTCTC-1,L1
GAATGAAGGTCTTCAG-1,WM
GAATGCCGAAATGACC-1,L5
GAATGCGAATCGGTTC-1,L6
GAATGGGCTTATCGAC-1,L4
GAATGTATGGCAGGTC-1,WM
GAATGTGGTCCGGATT-1,WM
GAATGTTGGGTAATCT-1,WM
GAATTATAGTGAAAGG-1,WM
GAATTCACCCGGGTGT-1,L6
GAATTTCTCGCTGCAG-1,L5
GACAAACATATGCAGG-1,WM
GACAACGACCATTGAA-1,WM
GACAACGCAGCTTACG-1,L6
GACAAGACGCCCGTGC-1,WM
GACAAGAGATGAGATT-1,WM
GACACAAGGGAAGAAA-1,WM
GACACAGCCGGGACTG-1,WM
GACACCCAAAGACGCG-1,L4
GACACGAGTTAGAGGA-1,L5
GACACTGAGTTCAGTG-1,L6
GACACTGGAACCCGAT-1,WM
GACACTTCCAATTACC-1,WM
GACAGAGGTCTTCAGT-1,L5
GACAGATTTCTGGCTC-1,L4
GACAGCCAGACCTGAC-1,WM
GACAGGCACACACTAT-1,L5
GACAGGTAATCCGTGT-1,WM
GACATACTGTCGCAGA-1,L4
GACATCCGTCGAACTG-1,L6
GACATCGATTTATAAC-1,L6
GACATTTCGCCCAGCC-1,L3
GACCAAACGTTGACTG-1,WM
GACCACACTTCCCTTT-1,L6
GACCAGAGCCCTGTAG-1,L6
GACCCAATTATGATAC-1,L5
GACCGACGTGAAAGCA-1,WM
GACCGACTGAAGCGTC-1,L5
GACCGATTAAATATGT-1,L3
GACCGCGTCTGACGTG-1,WM
GACCGGTGATACTCTC-1,L1
GACCGTCAGGTCGTGA-1,WM
GACCGTGCTGACGGTG-1,L6
GACCGTTACATGCGAC-1,L4
GACCTTCCACGTCTAC-1,L6
GACGACGATCCGCGTT-1,L6
GACGAGGCTAATAAAC-1,WM
GACGATATCACTGGGT-1,L4
GACGCATACCCGTCGG-1,L3
GACGCCGTAAAGGCTA-1,L6
GACGCTTGCTTCTAAA-1,L6
GACGGGCATCGAATTT-1,WM
GACGGGTTGGCCCGTA-1,L5
GACGGTCAATAGAAGC-1,WM
GACGGTCCTAGGGTGT-1,WM
GACGTGTAGGGATTAT-1,L5
GACGTTCGTAAATACA-1,WM
GACGTTGCTCGGCGGC-1,L4
GACTAAGATCATGCAC-1,L6
GACTAAGTAGGCTCAC-1,L6
GACTACAAAGCGGTGG-1,L5
GACTAGGCCGTTAGGT-1,L6
GACTCACCCACGTGAG-1,WM
GACTCCCAGAATAAGG-1,WM
GACTCCTTCCAATTGA-1,L4
GACTCGCGGGAATGAC-1,WM
GACTCTAGAGTTCCAA-1,L5
GACTGCAAATCGAGCT-1,WM
GACTGCACCAGCCCAG-1,WM
GACTGCGGCACGTGTA-1,L5
GACTGCTGGTGAGAAA-1,L5
GACTTCAACGCATCAA-1,L6
GACTTTCGAGCGGTTC-1,L5
GAGAAACTGGATCCCA-1,WM
GAGAACGGTTCTGACT-1,WM
GAGAATCTCACGATCA-1,L3
GAGACTGATGGGTAGA-1,L6
GAGACTTCGCGACCGA-1,L6
GAGAGCGCAGTCCCTG-1,L3
GAGAGGCCTATGTGTA-1,WM
GAGAGGGCGCGAGGTT-1,L6
GAGAGGTGCATTCTGG-1,L5
GAGAGTCTCGGGAGAG-1,L5
GAGATCGATCTTACTC-1,L2
GAGATCTGCTTGGCAT-1,L6
GAGATCTGTCACTCCG-1,WM
GAGATCTTCCATGACA-1,WM
GAGATGACAATCCTTA-1,WM
GAGATGGCTTTAATCA-1,L6
GAGATGGGAGTCGACA-1,L6
GAGCACCTGTGTCCAG-1,WM
GAGCACGGCGCCTCTT-1,WM
GAGCATCAACAACTTG-1,L5
GAGCCAGCTACCTGTG-1,WM
GAGCCGAGCGTTTATT-1,WM
GAGCGAGGGAGTACCG-1,L6
GAGCGCAAATACTCCG-1,WM
GAGCGCGCACGAGTAG-1,WM
GAGCGCTGTTAGGTAA-1,L5
GAGCGGAATGCGGTGT-1,L5
GAGCTAAGGGCATATC-1,L6
GAGCTCAACATGAGCG-1,L5
GAGCTCTCGGACCTAA-1,L5
GAGCTGTCGTCTCGGA-1,WM
GAGGAATATCTCTTTG-1,L5
GAGGAATGGAGAGGTT-1,L5
GAGGATAAACAGTGCT-1,WM
GAGGCATTTGCAGCAG-1,WM
GAGGCCCGACTCCGCA-1,L5
GAGGCCTGTTGATACA-1,WM
GAGGCTATCAAAGTCG-1,L5
GAGGGAGTCAGATCGC-1,L5
GAGGGCCATAATATTA-1,WM
GAGGGCGCAGCTCTGC-1,WM
GAGGGTAGTAACAAAG-1,L5
GAGGTACGCGTGTCCC-1,L6
GAGGTCCCAAAGATCT-1,L5
GAGGTCCGTTCGCTGT-1,L4
GAGTAAACCGGAAAGT-1,WM
GAGTAAATTAAGAACC-1,WM
GAGTAAGGCCACGGGA-1,L4
GAGTACGGGTATACAA-1,L6
GAGTAGATACTAGTTG-1,L6
GAGTATACCCTAATCA-1,L4
GAGTATCAAAGTTACA-1,WM
GAGTATGCCCGCCTTG-1,L6
GAGTATGCGCGTGCAT-1,L6
GAGTCAGACCAGAATC-1,L6
GAGTCCACCAGGTTTA-1,L6
GAGTCCGCTTACCGGA-1,L6
GAGTCGACAGACCCTC-1,L4
GAGTCTTGTAAAGGAC-1,L3
GAGTGCACGGACAACA-1,WM
GAGTGTCAACCAGAAA-1,WM
GAGTGTGCGGTACCCA-1,WM
GAGTTCTGTGGGTGCT-1,L3
GAGTTGATGGCAATTT-1,L5
GAGTTGTCACCAGTCT-1,L3
GATAAATCGGTGGATG-1,L6
GATAACTCGCACTGTG-1,WM
GATACCGTGTCGGAGT-1,WM
GATACGATGGGAGTCA-1,L6
GATAGAACCCGCTAGG-1,L5
GATAGATAGTACAGTC-1,L6
GATAGGATTAATTACA-1,WM
GATAGGTAACGTTGAC-1,L6
GATAGGTGTCCCGGGC-1,WM
GATAGTGCGAGTAAGT-1,L5
GATATCAAGCAGGAGC-1,L3
GATATCTCATGCAATA-1,L6
GATATGAGACACTAAC-1,WM
GATATGCGGTAGCCAA-1,WM
GATATGGATTACGCGG-1,L5
GATATTGAGATTGGCG-1,WM
GATATTTCCTACATGG-1,WM
GATCAACATAAAGGGA-1,L5
GATCATTCCAAACATT-1,L6
GATCCAACCTTTAAAC-1,L1
GATCCCTTTATACTGC-1,L6
GATCCGAATATAAGTG-1,WM
GATCCGGGAATTAACA-1,WM
GATCCTAAATCGGGAC-1,WM
GATCCTCGACACTGGC-1,L5
GATCGACACTATCTGA-1,L6
GATCGCGGGCTCTCCA-1,L6
GATCGCTACCCGATTT-1,WM
GATCGCTATATCTCAG-1,L5
GATCGCTGTGGTGCGT-1,L3
GATCGGATAGAACCAT-1,L4
GATCGGCGATAAGTCG-1,L4
GATCGGTGGCCATAAC-1,L6
GATCGTGACTGATATC-1,WM
GATCTAACCGTATTCA-1,L3
GATCTCGACGCTGTGG-1,WM
GATCTGCTATCTAAGG-1,L6
GATCTTCATTGTCCTC-1,L3
GATCTTGGAGGGCATA-1,WM
GATCTTTGCAGGGTAT-1,L6
GATGACAAGTAGGGCA-1,L5
GATGACGATGATCGCG-1,WM
GATGAGGAACCTTCGG-1,L6
GATGCCAGCAGAAGGC-1,L5
GATGCCTTCTGCGGCA-1,L4
GATGCGAATGGTATTA-1,L4
GATGCGTCCTGCATTC-1,L6
GATGCTACAAGCGCCT-1,L6
GATGCTACCTTCGATG-1,L5
GATGCTGTATTTCATC-1,WM
GATGGCGCACACATTA-1,L5
GATGTAACGAACCACC-1,L5
GATGTTCAATCCACGA-1,L6
GATGTTTGTGCGAGAT-1,L5
GATTAACCGAAAGCCC-1,WM
GATTACTGAATTTGGG-1,L5
GATTAGAAACAAGCGT-1,L5
GATTATCTTGCATTAT-1,L6
GATTCCCTTGTCGCAG-1,WM
GATTCCGCGTTTCCGT-1,WM
GATTCCTATACGGCGC-1,L5
GATTCGACGGTTCACG-1,WM
GATTCTGTTAATGAGT-1,L5
GATTGCTCCAGTTGCA-1,L5
GATTGGGAAAGGTTGT-1,L6
GATTTAGTGCGTACTG-1,L6
GATTTGCGCTAACACC-1,L5
GCAAACCCTACATTAT-1,WM
GCAAACCTTGGCCATA-1,L6
GCAAACGTAAGCGACC-1,L2
GCAAACGTCGCCAGGT-1,WM
GCAAAGGGCGTTAGCC-1,L3
GCAAATATTACGCTTT-1,L6
GCAAATGAGGACACTT-1,L4
GCAACACACTAGAACT-1,L5
GCAACAGCAGTATGCG-1,WM
GCAACCACCAGACCGG-1,WM
GCAACCACGGCCGCGT-1,L5
GCAACCCAAGTTGTTT-1,L3
GCAACGGCTAGTTATG-1,WM
GCAAGAATTCCTTGGC-1,L5
GCAAGCTGGAAACCGC-1,L3
GCAAGTGCACAGAGAA-1,L6
GCAAGTGTAAAGCATG-1,L5
GCAATTAGTCGCACCG-1,WM
GCACAAACCCTAGATG-1,L4
GCACAAACGAGGCGTG-1,WM
GCACAACCTCGGGCGT-1,L3
GCACAAGTGGATCATA-1,L3
GCACACACTGGTAGCC-1,WM
GCACACAGCTATTACC-1,L5
GCACACGCCCATGGTC-1,L4
GCACAGCACGGGCCGA-1,L5
GCACCTAGGCGAGTCC-1,WM
GCACCTTCCCGAAGGT-1,WM
GCACGCCGATTCCCGC-1,L6
GCACGCCTACTTAGAT-1,L5
GCACGTGGTTTACTTA-1,WM
GCACTAGTCGCGCTAT-1,L6
GCACTGCCTACCTTTA-1,L6
GCAGAAGGTAATCTCC-1,WM
GCAGACCCAGCACGTA-1,WM
GCAGATCCATAAGACT-1,WM
GCAGATCCTCGCAAAT-1,L4
GCAGATTAGGGATATC-1,WM
GCAGCACACAGCCCAG-1,L6
GCAGCCTATATCACAT-1,WM
GCAGCTATGGACAGGT-1,WM
GCAGCTGTCAACGCAT-1,L6
GCAGGAACTTAGATCT-1,L4
GCAGGACTATAGAATA-1,L5
GCAGGTAGAGTATGGT-1,WM
GCAGTGCGGGCGGATG-1,WM
GCAGTGTGGCTATAGG-1,WM
GCAGTTCGATCCGAGC-1,WM
GCATACGAGGTCTTTA-1,L5
GCATAGAGCACTCAGG-1,L6
GCATCCCTAACTTTGA-1,L6
GCATCGGCCGTGTAGG-1,WM
GCATGACACAAAGGAA-1,WM
GCATGAGGGACGCGGC-1,WM
GCATGCTAATAACGAT-1,WM
GCATGGGTACTGACGC-1,L3
GCATTCAAGGCAACGC-1,WM
GCATTCGAAATGAACA-1,L5
GCATTGACTTGCGGAA-1,L3
GCATTGTAATTCATAT-1,L5
GCATTTCCAAGGCTCC-1,WM
GCCAACCATTTCCGGA-1,WM
GCCAAGAATACTTCTG-1,L4
GCCAATAGGGCATCTC-1,WM
GCCACAATTTAAGGAC-1,L6
GCCACCTTATTCGCGA-1,L1
GCCACTCAGAGCGCGA-1,WM
GCCACTCCTTACGGTA-1,WM
GCCAGGAAAGAACACT-1,L5
GCCAGGAGTAACCGAT-1,WM
GCCATATTGCACACAG-1,WM
GCCATCGAGCTGCGTG-1,L6
GCCATCGATGCTGCAT-1,WM
GCCATTAGCCTCAAAC-1,L4
GCCCAGATGCTGGAGA-1,WM
GCCCAGTTGGTATGCC-1,L6
GCCCGACTTCTTCCCG-1,L5
GCCCGAGAGTCTAAAT-1,L3
GCCCGATCTGTGGTCG-1,L6
GCCCGATGCCCAGTTC-1,L3
GCCCGCGCGTAAACGG-1,L5
GCCCGCGCGTTTGACA-1,L6
GCCCGTAATACCTTCT-1,WM
GCCCGTCAAGCCCAAT-1,WM
GCCCGTTCACACAATT-1,L5
GCCCTAAGTGCAGGAT-1,L5
GCCCTAGCCGTCGCGA-1,L4
GCCCTGAGGATGGGCT-1,L6
GCCGAAATTCCTACGT-1,L6
GCCGACCCACGACTGC-1,L5
GCCGATTGGCCAAGCT-1,WM
GCCGCACTCCGTTTCA-1,WM
GCCGCATTAGTCCGGC-1,L5
GCCGCTTGTGAGAAAC-1,L6
GCCGGGTTAGGGTCGC-1,L6
GCCGGTCGTATCTCTC-1,L5
GCCGTCGGTTTCGGGC-1,L5
GCCGTGGAAGAAATGT-1,WM
GCCTACGTTCTGTGCA-1,WM
GCCTAGCGATCTGACC-1,L6
GCCTATAGTGTCAGGG-1,WM
GCCTATCAGGTAAGAT-1,WM
GCCTATGCTGGGCCTT-1,WM
GCCTATTCCGATATAG-1,L5
GCCTCATCTGGAAATA-1,WM
GCCTCCGACAATTCAC-1,WM
GCCTCTATACATAGCA-1,L6
GCCTGTCCCGGTGCAT-1,L5
GCCTTCAGCCCTACCG-1,L6
GCCTTGTATATGCAGT-1,L5
GCCTTTGTCAGTGGAC-1,L3
GCGAAACGATCGGGAG-1,WM
GCGAAACTTAACTGGA-1,WM
GCGAAGAATCTGACGG-1,L6
GCGAAGCCATACCCGT-1,WM
GCGAATGGACTAGCGA-1,L6
GCGACATGTAAACATC-1,WM
GCGACCCAACCATCTG-1,L5
GCGACGATAGTTGTAC-1,L6
GCGACGGTAGTCTCCT-1,L6
GCGAGAAACGGGAGTT-1,L4
GCGAGAGGCCATGTAA-1,WM
GCGAGAGTTGCGTCCA-1,WM
GCGAGCGCATGCTCCC-1,WM
GCGAGGCCCGAGCAGA-1,L6
GCGAGTTCTGCAAAGA-1,WM
GCGATGTCTGTGCTTG-1,L3
GCGATTGTTAACGTTA-1,WM
GCGCAAATATATTCAA-1,L5
GCGCAAGAGCGCGCTG-1,WM
GCGCATCCAGTCAGCA-1,WM
GCGCCGTTCCACGATA-1,WM
GCGCCTCCCACTCCGA-1,WM
GCGCGGTCTAGTAACT-1,L6
GCGCGTCATTGGTACA-1,WM
GCGCTAATTGAATAGA-1,WM
GCGCTATGCCGAGGCA-1,L6
GCGCTCGATCACCTGT-1,WM
GCGCTGATCCAGACTC-1,WM
GCGCTGCTTTGCATTT-1,WM
GCGCTTAAATAATTGG-1,WM
GCGGACCGCGTTGTGG-1,L6
GCGGAGAAACTTCGCA-1,L5
GCGGAGAGGGAGAACG-1,WM
GCGGATTACTTGTTCT-1,WM
GCGGCAAAGTATTGCC-1,L5
GCGGCTCTGACGTACC-1,L6
GCGGCTTTAGCAAGTT-1,L6
GCGGGAACCAGGCCCT-1,L6
GCGGGCAGACGGGTGA-1,L5
GCGGGCATTACGATGC-1,WM
GCGGGCGAGCCTTACC-1,L6
GCGGTCCCGGTGAAGG-1,WM
GCGGTCCCTAGACGCA-1,L6
GCGGTCTTGCTTTCAC-1,L6
GCGGTGAACTGCGCTC-1,WM
GCGGTGCGGAGCATCG-1,L3
GCGGTTCCCTATCATG-1,L6
GCGTAAATGGCCATAA-1,WM
GCGTCCCTAAGACATA-1,L5
GCGTCGAAATGTCGGT-1,L6
GCGTCGCCAGGGTGAT-1,L6
GCGTCGTAACATGGTC-1,L6
GCGTCTAACCTCCTAA-1,WM
GCGTCTCTGCATTGGG-1,L6
GCGTGGTACTGGGTTA-1,WM
GCGTTATATTTGGAAC-1,L5
GCGTTCGGAGACCGGG-1,WM
GCGTTCTGACTAAGCG-1,WM
GCTAAACCTGAGGTGA-1,L5
GCTAACTGAAGTCTGA-1,WM
GCTAAGCCCAGTATGC-1,WM
GCTAAGTAAAGGCGAT-1,L5
GCTAAGTAGTTTCTCT-1,WM
GCTAATACCGAATGCC-1,L6
GCTACAATCGAGGATA-1,WM
GCTACAGTACGGACCG-1,L5
GCTACGACTTATTGGG-1,WM
GCTACTATAGTAGAGT-1,WM
GCTACTCGGACGCAGA-1,L1
GCTAGACCGTCTACTG-1,WM
GCTAGAGTAGAGATGT-1,WM
GCTAGCAACGCACCTA-1,L6
GCTAGCACCTGGGCCA-1,WM
GCTAGCAGGGAGTGGG-1,WM
GCTAGCGATAGGTCTT-1,L4
GCTAGCTTGAATAGCT-1,L6
GCTAGGCACCACGGAG-1,WM
GCTAGTAGAGCTTGTA-1,WM
GCTAGTTTCATTGAGG-1,L5
GCTATAAGGGCCAGGA-1,WM
GCTATACGTCTCGGAC-1,WM
GCTATCATACTCATGG-1,WM
GCTATCGCGGCGCAAC-1,L5
GCTATGCCAGCTTATG-1,L3
GCTCAACCTCTTAGAG-1,L3
GCTCAATCCGTTTATT-1,L5
GCTCAATGTAATACCG-1,L6
GCTCATTACTGCATGT-1,WM
GCTCATTGATCATATC-1,L5
GCTCCATGAGTGCAGA-1,WM
GCTCCATGCAAAGCAA-1,L5
GCTCCCAGTCGGTCCA-1,WM
GCTCCGCTCGCTTCAG-1,WM
GCTCCTGACATACTGG-1,L5
GCTCGCGGTTCCGCTC-1,L5
GCTCGCTCATGTCCAA-1,WM
GCTCGGAATTTAAAGC-1,WM
GCTCTAAACCCTGACG-1,L6
GCTCTATGTTACGTGC-1,L6
GCTCTCGGGTACCGAA-1,L6
GCTCTTTCCGCTAGTG-1,L5
GCTGAACTCTCCAGGG-1,WM
GCTGAAGGGTTCTTGG-1,L2
GCTGAATCTTCCAATC-1,L5
GCTGAGCAACGGTTCT-1,L3
GCTGAGGCGTGAGTAT-1,WM
GCTGCACGGTTTCTTA-1,WM
GCTGCGAAGAATTATT-1,L5
GCTGCGCCTCCCACGT-1,L3
GCTGCTAAGTAGTCGA-1,L6
GCTGCTACTGCGTAGC-1,WM
GCTGCTCTCCGGACAC-1,WM
GCTGGACCCAAAGTGG-1,WM
GCTGGCAGGTGCCGTG-1,L3
GCTGGCATATTCACCT-1,L5
GCTGGCGGCGCATGCT-1,L6
GCTGGGAGCGCGTCAA-1,L4
GCTGGTTTAGGCCATA-1,L3
GCTGTATTACTGGCCC-1,L5
GCTGTTGCTACCGAAC-1,WM
GCTTAATGTAACTAAC-1,WM
GCTTACGTAGTTAGTA-1,WM
GCTTATGAAGCAGGAA-1,WM
GCTTCCATGTAACCGC-1,L6
GCTTCCCGTAAGCTCC-1,L6
GCTTCCGTCCCTAGAC-1,WM
GCTTCGACGTTCAATC-1,L3
GCTTGAGTGACCTCTG-1,WM
GCTTGATGATAATCAG-1,L6
GCTTGCAGCACAATTG-1,WM
GCTTGGATCGATTAGG-1,WM
GCTTTACACAACTGGG-1,WM
GCTTTATTAAGTTACC-1,L6
GCTTTCAGAGGAGGTG-1,WM
GGAAACAGAGCTTGGG-1,L3
GGAAACCTTGTTGAAT-1,WM
GGAAACTAAATGGGCC-1,WM
GGAAAGGGAATTGAGC-1,L6
GGAAAGTCTTGATTGT-1,L5
GGAAAGTGCCCATGCC-1,WM
GGAACCCGAACAAGAA-1,L4
GGAACCGTGTAAATTG-1,L6
GGAACCTTGACTCTGC-1,L4
GGAACGGCCTGCAGCC-1,L5
GGAACTCGTGAATACG-1,L5
GGAACTTTGGCGATTA-1,WM
GGAAGGACACCGTATA-1,L6
GGAATGCGCTAGCGTG-1,WM
GGACAACCATGAAGCC-1,WM
GGACAAGCCATGATCG-1,L3
GGACAAGTTGCAGTGA-1,L4
GGACACAAGTTTACAC-1,WM
GGACACCTCGGTGTTG-1,L5
GGACCAACAGGATAAC-1,WM
GGACCTACGGTAACGT-1,WM
GGACCTCTAGGCCGCC-1,L5
GGACGGGCGACCAACC-1,WM
GGACGTCCATAGTTGG-1,WM
GGACTAAGTCAGGAGT-1,L3
GGACTCACAAATTAGG-1,WM
GGACTCGAAGCTTTCA-1,WM
GGACTCGACAGCGCAT-1,L5
GGACTCGTGAGTGGTC-1,L5
GGACTCTTCCGGTTGA-1,WM
GGACTCTTTGACTAAG-1,L6
GGAGAAGTCATTGGCA-1,L6
GGAGACCAATGTGCTT-1,WM
GGAGACCATCTACATA-1,L3
GGAGACGACACCTTTG-1,WM
GGAGCAACATTTCAAG-1,WM
GGAGCACCAAGAACTA-1,WM
GGAGCGAGGCCTACTT-1,L6
GGAGGCCGAAGTCGTC-1,WM
GGAGGGCTTGGTTGGC-1,WM
GGAGGGTCAAGTAAGA-1,WM
GGAGTACACATGAGCT-1,L3
GGAGTGCCGCCCTGGA-1,L6
GGAGTTGATTCTGTGT-1,WM
GGATCAGAGCCATCAG-1,L3
GGATCATCCCGTACGC-1,WM
GGATCCGGAATATACT-1,WM
GGATCTACCGTTCGTC-1,L3
GGATCTTACTGCCCTT-1,L5
GGATCTTGACTCAACC-1,L4
GGATGAAGATCGCTGA-1,WM
GGATGACGCGAGTTTA-1,L6
GGATGCTGGCGTTCCT-1,L5
GGATGGCTTGAAGTAT-1,WM
GGATGTCCTTACCGCA-1,WM
GGATTAATCATGGACC-1,L6
GGATTCAGTACGGTGG-1,L5
GGATTCCGCTATACCC-1,WM
GGATTGAAGTAGCCTC-1,WM
GGATTGCTGTGACTCC-1,WM
GGATTTCACTTCTATA-1,WM
GGCAAAGGCGCCAATA-1,L5
GGCAAATTACTTTACT-1,L6
GGCAAGCCAGGGATAG-1,WM
GGCAAGCCCATAGTGG-1,L6
GGCAAGGCGAAATAGC-1,WM
GGCAATAGTCAATGAG-1,WM
GGCACGCTGCTACAGT-1,WM
GGCACTCAGCCGACCC-1,WM
GGCACTCCACTGGGCA-1,L6
GGCACTGCGGTGGTTT-1,WM
GGCAGAGAGATCGGGA-1,L3
GGCAGCAAACCTATGC-1,WM
GGCAGCGGTAATCCTA-1,WM
GGCATACAGGTAGCGG-1,L6
GGCATATCGGTTCTGC-1,WM
GGCATTCCCTCCCTCG-1,WM
GGCATTGAACATCTCA-1,L5
GGCCAATTGTATAGAC-1,L6
GGCCACACGAAAGCCT-1,L3
GGCCCAGCTGGTTTGC-1,L6
GGCCCGGAGCATGTCT-1,WM
GGCCCGTATACCATGC-1,WM
GGCCCTCACCCACTTA-1,L5
GGCCGAGACTCTGGTG-1,L5
GGCCGCAGGAACCGCA-1,WM
GGCCGGCGTCTGCTAT-1,L6
GGCCGTTTGGGTTTCA-1,L5
GGCCTGCTCTGATGTT-1,L6
GGCCTGCTTCTCCCGA-1,WM
GGCCTTTGCAACTGGC-1,L4
GGCGAAATCTAACTTG-1,WM
GGCGAACCGTTCTGAT-1,L6
GGCGAGCGAAACGGCA-1,L3
GGCGCACAGTTTACCT-1,L6
GGCGCAGGACATCTTC-1,L5
GGCGCATGAATTGATG-1,L6
GGCGCGGAGATCTTTC-1,WM
GGCGCGTTCGAGTTTA-1,L6
GGCGCTCCTCATCAAT-1,L5
GGCGCTTCATTCCCTG-1,L6
GGCGGAGTAATATTAG-1,L6
GGCGGGCTCTAAGAGT-1,WM
GGCGGTAGGATCATTG-1,WM
GGCGGTTTGCCGGTGC-1,L4
GGCGTAGGGAAAGCTG-1,L6
GGCGTCCTATCCGCTG-1,L6
GGCTAAAGGGCGGGTC-1,WM
GGCTACTATACACTCC-1,L5
GGCTATTAAGTTGTAT-1,L6
GGCTCCTCCACCTGTT-1,L5
GGCTCGCGTTGAGGTA-1,WM
GGCTCGTGCCACCAGC-1,L6
GGCTCTGCTCCAACGC-1,WM
GGCTGAAATAGCAAAG-1,WM
GGCTGGCAATCCCACG-1,L6
GGCTGTCCTACTGCGG-1,L5
GGCTTCTCGTGGGTGG-1,L6
GGCTTGGCTCTCACCT-1,L3
GGCTTTCAATAAGGGT-1,L6
GGGAAAGAATGCCAAC-1,WM
GGGAACGGGAGGTTAG-1,L6
GGGAACGGTTTCAGAT-1,L5
GGGAAGACGGTCTGTC-1,L6
GGGAAGGGCTTTCTCA-1,WM
GGGAATGAGCCCTCAC-1,WM
GGGAATTCTGTCCAGT-1,L3
GGGACAGAGTTACTCC-1,L4
GGGACCCGTATATCTT-1,L6
GGGACTGCATAGATAG-1,WM
GGGAGAACTCACAGTA-1,WM
GGGAGCGACCGTAGTG-1,L6
GGGAGGATGCCCGAAA-1,L6
GGGAGTTAATGAGGCG-1,WM
GGGATACGGTAATAAT-1,L3
GGGATATTGATCGCCA-1,L3
GGGATCCCAATACAAA-1,WM
GGGATGGACCCGCGTC-1,L3
GGGATGGTCGTAACCG-1,L6
GGGATTTACCGCACCT-1,WM
GGGCAACCGCACGTGC-1,L4
GGGCACGAATTGGCCG-1,L3
GGGCACGTAGTACTGT-1,L5
GGGCACTATTGACCAT-1,L3
GGGCAGACGTCACTGC-1,L3
GGGCAGAGCAATCGTT-1,L6
GGGCAGGATTTCTGTG-1,L3
GGGCAGTCAACGCCAA-1,L6
GGGCATGCATGTCGAG-1,L5
GGGCCATTCGTGCTGG-1,L2
GGGCCCGTCTTAAACA-1,L6
GGGCCCTACGAAAGGG-1,L5
GGGCCCTTATCTATAC-1,L3
GGGCCGGCCGAAGTAC-1,WM
GGGCCTAAATGGGCTA-1,L4
GGGCCTATTTAAGTAT-1,WM
GGGCGAATTTCTCCAC-1,L3
GGGCGATATGTGTGAA-1,L6
GGGCGATCCATAGGCC-1,L1
GGGCGCAGCGTTACTC-1,WM
GGGCGGCAAATGAATT-1,L6
GGGCGGGTTCCCTACG-1,L5
GGGCGGTCCTATTGTC-1,L5
GGGCGTACATTTATAT-1,L6
GGGCGTCACCACGTAA-1,L6
GGGCGTCCACTGGCTC-1,WM
GGGCGTGGTTTCCCAG-1,L6
GGGCGTTTACATTCAT-1,L4
GGGCTACTATTTCGTG-1,L3
GGGCTATGATCGATGG-1,L6
GGGCTCATCGAACCCA-1,WM
GGGCTGCCTAGGGCGA-1,WM
GGGCTGGTTAGTCGCG-1,L6
GGGTACCCACGGTCCT-1,L5
GGGTACTTCATGAACT-1,L6
GGGTATGTATGCACTT-1,L5
GGGTATTCTAGCAAAC-1,L4
GGGTCACCGTGACGGT-1,L6
GGGTCAGGAGCTAGAT-1,L5
GGGTCATGCGTACCAT-1,L4
GGGTCCTTGGAAGAAG-1,L2
GGGTCGTGGCAAGTGT-1,WM
GGGTCTATCGCTTTCC-1,WM
GGGTGACACCTTAACT-1,L6
GGGTGCATATGAAAGC-1,WM
GGGTGTTTCAGCTATG-1,WM
GGGTTAACATTTGAGT-1,L6
GGGTTCAGACGAACAA-1,L5
GGGTTTAGGATAGGAT-1,WM
GGTAAACTCTGCGCTG-1,WM
GGTAACCGGGAGGATA-1,L5
GGTAACTATGTATCTG-1,L6
GGTACAAACATGCTAT-1,L6
GGTACACCAGATTTAT-1,WM
GGTACATCTGGGACGA-1,L5
GGTACCATTAAGACGG-1,WM
GGTACGTTGCGGCCGG-1,WM
GGTACTAAGTGCTTTG-1,WM
GGTAGAAGACCGCCTG-1,L6
GGTAGACCGTTGGGCG-1,L6
GGTAGGCCAATATCAC-1,L5
GGTAGTGCTCGCACCA-1,WM
GGTATAGTGACACATA-1,WM
GGTATGAAAGAACTGA-1,L3
GGTATTGCCGAGTTTA-1,L6
GGTCAAGACTACTTCG-1,WM
GGTCAGTGGGTCCCAC-1,L6
GGTCATTGTAGTCATA-1,L6
GGTCCACGTCTATTTG-1,L3
GGTCCTTCATACGACT-1,L3
GGTCGGATAAACGGCG-1,WM
GGTCGGCCAGGAGCTT-1,WM
GGTCGGTCGTCCACAG-1,L6
GGTCGTAAGCTCGCAC-1,L5
GGTCTCCAAGTAGTGC-1,WM
GGTCTCCGTCCAGGTT-1,WM
GGTCTCTGAATGGACT-1,L5
GGTCTGAGAATCTGGA-1,L6
GGTCTTGAGCGCTCTT-1,L6
GGTGAAGTACAGGGAT-1,L5
GGTGACTGATAGAGAG-1,WM
GGTGAGATGCAGATAA-1,L5
GGTGATAAGGAGCAGT-1,WM
GGTGATGAAGGAAGTG-1,L3
GGTGCATAAATGATTA-1,L5
GGTGCGGATAAGTGGC-1,L6
GGTGCTGATCACAAAG-1,L5
GGTGCTGGTACACATT-1,L6
GGTGGACTGCTCTGGC-1,WM
GGTGGAGGTTGATACG-1,WM
GGTGGGATTAGGTCCC-1,L3
GGTGTAAATCGATTGT-1,L6
GGTGTAGGTAAGTAAA-1,L5
GGTGTTGGGCGTCTTA-1,WM
GGTTACCACCCTCGGG-1,L5
GGTTACCCGACACTTT-1,WM
GGTTACCGCTCCCTAC-1,L5
GGTTAGCTATATGTCT-1,WM
GGTTAGGCTTGGAGAA-1,L6
GGTTAGGGATGCTAAT-1,L2
GGTTAGTTACGGCGCC-1,L5
GGTTCCGTACGACTAA-1,L5
GGTTCGCATTTGCCGT-1,WM
GGTTCGGATTATACTA-1,L4
GGTTCTACTCGTCTGA-1,WM
GGTTGTGCTCTTGTCC-1,L4
GGTTGTGTAGCCTGGC-1,L5
GGTTTAATTACCATCG-1,L5
GGTTTAATTGAGCAGG-1,WM
GGTTTACAATCTCAAT-1,WM
GGTTTAGCCTTTCTTG-1,WM
GGTTTCAATCGGTCAG-1,WM
GGTTTGCGAACACGTA-1,WM
GGTTTGTGACCTGAGG-1,WM
GTAACAGGTTAACGGC-1,L5
GTAACATCTAAGATAA-1,WM
GTAACTGCCCAAGGAG-1,L5
GTAAGCGGGCAGTCAG-1,L6
GTAAGTAACAGTCTGG-1,WM
GTAAGTAGGGTATACC-1,L6
GTAAGTCCACACTCTA-1,WM
GTAATAAAGGGCTCCC-1,WM
GTAATCTGATTCTTCG-1,L6
GTACACTTACCTGAAG-1,WM
GTACAGAGGCAAGGGT-1,WM
GTACGAGATTGCGACA-1,L6
GTACGCTTCATTGCAC-1,WM
GTACGTTTGCCCGTCA-1,WM
GTACTAAGATTTGGAG-1,L6
GTACTACGGCCTCGTT-1,L6
GTACTCCCTTATCGCT-1,L5
GTACTCCTGGGTATGC-1,WM
GTACTGGAGTTAGACC-1,WM
GTACTTGGGCACTTCT-1,L5
GTAGAAACGGGTGGAG-1,L5
GTAGACACGCCTGACT-1,L6
GTAGACGTCGTTACAT-1,L6
GTAGAGGGAGACAAGT-1,L5
GTAGCCAAACATGGGA-1,WM
GTAGCGGCTATACACT-1,WM
GTAGCTCCGGGAGGCT-1,L5
GTAGCTTCCTCTTGTT-1,WM
GTAGGTGATCCGTGTA-1,WM
GTAGTCGCGGGAATCA-1,WM
GTAGTCTACGATATTG-1,L6
GTAGTGAGCAACCTCA-1,WM
GTAGTTCGAAGGCGAA-1,L5
GTAGTTTAAGCACACG-1,L3
GTATAATCTCCCGGAT-1,L4
GTATAGGACTCAGTAG-1,L6
GTATCAAACGTTAGCT-1,WM
GTATCAAGGTACTTCC-1,L6
GTATCAGCTTGGGTTC-1,L5
GTATCCTTTGGTAACC-1,WM
GTATCTCAGTCTTGAC-1,L5
GTATCTCGGGCGCTTT-1,L3
GTATCTTTCATAACCA-1,WM
GTATGAAATTTCACTC-1,L5
GTATGTGGGTCTAGTT-1,WM
GTATTAAGGCGTCTAA-1,L5
GTATTCTGAGAAACGA-1,L5
GTATTTAATGGCATAA-1,WM
GTCAAAGAAGTGGTGT-1,L4
GTCAAAGTTTACATAG-1,L5
GTCAACCAGGCCTATA-1,WM
GTCAAGCGGACTCGGG-1,WM
GTCAATGCTATAATTT-1,WM
GTCACTCATGAGCGAT-1,L2
GTCACTCTCCAAATCT-1,L5
GTCAGAATAGTCTATG-1,L6
GTCAGTTTGGTAGTCG-1,L5
GTCATGCACCTCCGTT-1,L6
GTCATGCGCGAGGGCT-1,WM
GTCATGGACATGACTA-1,L6
GTCATTAGAGCGAACG-1,WM
GTCATTGCATTGACCC-1,L5
GTCCAATATTTAGCCT-1,L6
GTCCACGTCGCATTCG-1,WM
GTCCAGGCACGTGTGC-1,L5
GTCCATTACTGCTACG-1,WM
GTCCCAACGTAAAGTA-1,WM
GTCCCAATCATCCCGC-1,L3
GTCCCGCGACGTTATG-1,WM
GTCCGAGAGCAATCAT-1,L4
GTCCGGACCTGAAATT-1,WM
GTCCGGCTGAATTGCG-1,L6
GTCCGGGTTCACATTA-1,L6
GTCCGTTAGAGGGCCT-1,L6
GTCCTACAGGCGGCTC-1,L5
GTCCTACGAATAGTCT-1,WM
GTCCTACTCTACGGGC-1,L3
GTCCTAGGATACCTTA-1,L3
GTCCTATTGTTGTGGT-1,L4
GTCCTTCTACAACCCA-1,L3
GTCGAATTTGGGCGCT-1,L3
GTCGATAGGTGACTTT-1,WM
GTCGCCGTTGTGTGTT-1,L5
GTCGCGTAACCCGTTG-1,WM
GTCGGAAGGATACCAG-1,WM
GTCGGATATCTCAGAC-1,L6
GTCGGATGTAGCGCGC-1,WM
GTCGGGAACATGGTAG-1,L3
GTCGGGAAGCAGAAAC-1,L6
GTCGGGTGAAGTACCG-1,WM
GTCGTACCATCTCGGG-1,L6
GTCGTACCTACGATTG-1,L4
GTCGTATTGGCGTACA-1,WM
GTCGTCTGGTTGGCTA-1,WM
GTCGTGTCTGGTCATC-1,WM
GTCGTTATTCGCTTAT-1,WM
GTCTACTCAATTACAA-1,L5
GTCTAGTGAGCCGCTT-1,WM
GTCTATACACGCATGG-1,L5
GTCTATCTGAGTTTCT-1,L6
GTCTATTGCATGCTCG-1,WM
GTCTATTGGTTCCGGT-1,WM
GTCTCAAGGCCCGGCT-1,L6
GTCTCCCGAGTCCCGT-1,WM
GTCTCCGCCTCAATAC-1,L6
GTCTCCTGCCAGTATG-1,L4
GTCTCGACTAAGTTTG-1,WM
GTCTCGATCTGCTTTC-1,WM
GTCTGCCGACTCGACG-1,L6
GTCTGGGCGGTCGAGA-1,L6
GTCTGTAGGTTGAACA-1,L5
GTCTTACCACGCCAAG-1,WM
GTCTTCCTCACCTAAG-1,L3
GTCTTGAGGAGCAGTG-1,WM
GTCTTGTAGCTATTCA-1,WM
GTGAAACGGCGCCACC-1,WM
GTGAACTCCCATTCGA-1,WM
GTGAAGATTTCAAGTG-1,WM
GTGAAGCCGTATAGTC-1,WM
GTGAAGTCACGACTCG-1,L3
GTGACAGCTTCCCACT-1,L6
GTGACCGCACACTACG-1,WM
GTGACCTAAAGAATAA-1,WM
GTGACGAGGGTGACCC-1,WM
GTGACGCAGGTTTCAT-1,L6
GTGACTTCAGTAGTGC-1,L6
GTGAGATAACCTTATA-1,L5
GTGAGCGTGCTGCACT-1,L5
GTGAGGACACTTAAGG-1,WM
GTGAGGAGCGGTTGAG-1,WM
GTGAGTCGACTAATAG-1,WM
GTGAGTCTAAGACGGA-1,L4
GTGAGTGGTACAACGC-1,L6
GTGATCAAGCGTGCAC-1,L4
GTGATCACTAACGCCT-1,WM
GTGATCATAGATCTGC-1,L6
GTGATCCTTGTCATGA-1,WM
GTGATTCGCCGCTCAA-1,L5
GTGCAACAAATGTGGC-1,L6
GTGCACCAGCTTCAAC-1,L6
GTGCACGAAAGTGACT-1,WM
GTGCAGCGTAGAGTAG-1,WM
GTGCCATCACACGGTG-1,L5
GTGCCCGTTCGGATTC-1,WM
GTGCCGCTTCAAAGGT-1,L6
GTGCCTAGCTATGCTT-1,L4
GTGCCTGAGACCAAAC-1,L6
GTGCGAAATCGAACAC-1,L6
GTGCGACAGGGAGTGT-1,WM
GTGCGGGTCTCCAAAT-1,L6
GTGCGTGTATATGAGC-1,WM
GTGCTATCCAGCTGGA-1,L5
GTGCTCAAGTACTGTC-1,L6
GTGCTGCAGATAAGGA-1,L4
GTGCTGTTAGAACATA-1,L6
GTGCTTACATCAGCGC-1,WM
GTGGAACCTACATGCG-1,WM
GTGGACCAACCCGATT-1,L5
GTGGACGCATTTGTCC-1,L6
GTGGACGTGCTGAGAC-1,L6
GTGGAGCATGTCGGCC-1,WM
GTGGAGCGTTTACCGA-1,L4
GTGGAGTCGGCGGTTG-1,L5
GTGGCAAACAGCGGCA-1,L5
GTGGCCGGTTTCTCGG-1,L3
GTGGCCTAATATCATT-1,L3
GTGGCGGTCCCAGCGT-1,L5
GTGGCTGTTTCTGTTC-1,L6
GTGGGAACAAACCGGG-1,L5
GTGGGAAGACTGAATC-1,L5
GTGGGCTTAGACACAC-1,L6
GTGGGTACTGAGCGTA-1,L3
GTGGTATAGTCTGCCG-1,L5
GTGGTGATGGTTTGTG-1,WM
GTGGTGGCCAAGTGAA-1,WM
GTGGTTACTTCTTTCG-1,WM
GTGGTTTCCGCCTTTC-1,L5
GTGTACCTTGGCTACG-1,WM
GTGTACGAACCGTTCC-1,WM
GTGTATATCAGCGGGC-1,WM
GTGTCAGTGTACGTGG-1,L5
GTGTCGTATAGCGTTC-1,WM
GTGTGAATAACTTAGG-1,WM
GTGTGTCGACGTCGCT-1,L3
GTGTTACTATGCGTCC-1,WM
GTTAAAGTAGGACTGG-1,WM
GTTAACATCACTTAAA-1,L6
GTTAACTATGTTGTCA-1,WM
GTTAAGGGTGCGATGT-1,L6
GTTAAGTTAGAGTGGG-1,WM
GTTAATAGCGTCATTA-1,WM
GTTAATGTCTATCTTA-1,L4
GTTACAATTGGTGACG-1,L5
GTTACCAAGGCGTACG-1,WM
GTTACCTACAACTTGC-1,WM
GTTACTTTGGGCCTAG-1,L6
GTTAGCCCATGACATC-1,L6
GTTAGCCGTAAATCAA-1,WM
GTTAGGCTACCCGTTT-1,L4
GTTATAATACGGTGAA-1,WM
GTTATATCAGGAGCCA-1,WM
GTTATATTATCTCCCT-1,L6
GTTATCAAGCTATCGA-1,WM
GTTATTAACGTGGGAG-1,L5
GTTCAAATCAGATGTC-1,L3
GTTCACAGGAGTCTAG-1,L6
GTTCAGTCGCCAAATG-1,L6
GTTCATCGTTTGGCTG-1,WM
GTTCCAGTCTGACCAT-1,L6
GTTCCCGTAAACATAT-1,WM
GTTCCGTCCGCCTGCA-1,L5
GTTCGACAATTGTATA-1,L4
GTTCGCCATAAGTGCC-1,L6
GTTCGCTGAGACGTCT-1,WM
GTTCGGAGCACTCAAC-1,WM
GTTCGGATCGGGAACA-1,WM
GTTCGGGCGTACCATT-1,WM
GTTCGTCTAAAGAACT-1,WM
GTTCGTCTGGGTCCCT-1,WM
GTTCTTCCCTCGATGT-1,L6
GTTCTTGTAACTCAAT-1,L5
GTTGAACCGGTTCCAT-1,L6
GTTGAGTCCCGCCGGT-1,WM
GTTGCACGGAGTTTCG-1,L6
GTTGCAGTCGACAACA-1,WM
GTTGCGCTAACATTAC-1,WM
GTTGCGGACGGTCAGG-1,WM
GTTGGACCGCATCAGG-1,WM
GTTGGATTCAGTGGCT-1,L6
GTTGGATTGAGAACAC-1,WM
GTTGGATTTGCGTTGG-1,L6
GTTGGTCATGCTATCC-1,L6
GTTGTAGATTTATGAG-1,L5
GTTGTCGTGTTAGTTG-1,L6
GTTGTTGCAAGATGGC-1,WM
GTTTACGTTCCATCTG-1,L6
GTTTATGGGATTTAGA-1,L4
GTTTCAAACGAGTTGT-1,WM
GTTTCATATCGTCGCT-1,L5
GTTTCCTGGAGGGTGA-1,L6
GTTTCTAGAGGCGCGG-1,WM
GTTTCTGCAGTCTCCC-1,WM
GTTTCTTGTTAGAGCT-1,L1
GTTTGACCAAATCCTA-1,L6
GTTTGGCCCAAGTTAT-1,WM
GTTTGGGCTTGTGAGC-1,L6
GTTTGGGTTTCGCCCG-1,WM
GTTTGGTAGGGTCAAC-1,L6
GTTTGGTGATCGGTGC-1,L5
GTTTGTTAGCCAAGTA-1,L3
TAAACCCAGGAGGGCA-1,L5
TAAACGTCGTCAATGA-1,L4
TAAAGACAACCCTTTA-1,WM
TAAAGCGGTATTTCCA-1,L5
TAAAGCGTTAGGAGAA-1,WM
TAAAGCTGCAATAGGG-1,WM
TAAAGTGCACGTCTCG-1,L5
TAAATCTTTACACCTC-1,WM
TAAATGAATCCGTTTC-1,L5
TAAATGGGCTACTGAG-1,WM
TAAATTGTGGGTAAAG-1,L6
TAAATTTAGTAACACC-1,L5
TAACAAAGGGAGAAGC-1,L6
TAACAATATTTGTTGC-1,L5
TAACAGCGTTTGTGCT-1,L5
TAACAGGTTCCCTTAG-1,L5
TAACATACAATGTGGG-1,WM
TAACATACACGCGATC-1,L5
TAACCTACCGTCCGAG-1,WM
TAACCTAGGGAGTCCA-1,WM
TAACGCTTTGAGAGCG-1,L5
TAACTATCGAAGGTCC-1,L5
TAACTATTACGCCAAA-1,WM
TAACTCATCCGCGCGG-1,L6
TAACTCCATGGAGGCT-1,L5
TAACTGAAATACGCCT-1,L2
TAAGAGGGACAGGGAC-1,L4
TAAGCAGGCGACACGC-1,L5
TAAGCCCTTACGACCA-1,WM
TAAGCGCGAATCAAAT-1,L4
TAAGGAACTTGTGGGA-1,L6
TAAGGCAACATAAGAT-1,WM
TAAGGCATAACATCAA-1,L6
TAAGGCCCGTCACCCT-1,L6
TAAGGCTGAATCCCTC-1,WM
TAAGGGCCTGTCCGAT-1,WM
TAAGGGCTGGGAGAGG-1,L5
TAAGTAACATCTTGAC-1,L5
TAAGTCGCCGAGTATC-1,L5
TAAGTCGGTGAGCTAG-1,WM
TAAGTGAATAGTCTAC-1,L3
TAAGTTGCGACGTAGG-1,WM
TAATAAACAAGGAGAT-1,WM
TAATACACAGTAGTAT-1,L6
TAATACTAGAACAGAC-1,L6
TAATAGAACAGAGTTA-1,L5
TAATAGCTAAATGATG-1,WM
TAATAGGTCACCAGAA-1,L4
TAATAGTGACGACCAG-1,WM
TAATATTGAAATTCGC-1,L6
TAATCAACCAAATGGG-1,WM
TAATCGATCCGTACGT-1,WM
TAATGAAAGACCCTTG-1,L5
TAATGTCGGTTCATGG-1,L3
TAATTACGTCAGTAGA-1,WM
TAATTAGGACATCCGT-1,WM
TAATTCCAATGCTTCA-1,WM
TAATTGCGCTGATTAC-1,L2
TAATTGGAATCGGGAA-1,WM
TAATTTCCGTCCAGTA-1,L3
TACAACAGCGCATACA-1,WM
TACAACGCACAACTCA-1,L6
TACAAGGGCTTCTTTA-1,WM
TACAAGTCTCGTGCAT-1,L5
TACACAGCCGTGGTGC-1,L6
TACACCGTCGTTAGTC-1,WM
TACACCTCTTCGAATC-1,L6
TACAGAAACGGTGGGC-1,WM
TACATAGGCATACACC-1,L6
TACATCCCTATCCCTG-1,L5
TACATCTTGTTTCTTG-1,L3
TACATGACCTTATCCG-1,L3
TACATGCCGGAATTGT-1,WM
TACATTTCTAACGTGC-1,L6
TACCAAATAGCCCAGA-1,L6
TACCAATAAAGTACCA-1,WM
TACCAGAAGTAGGTTC-1,L6
TACCAGGAATCCCGTC-1,L5
TACCATGTATTGATTT-1,WM
TACCCTCGGTAACCCT-1,WM
TACCGAATAATTGTAA-1,WM
TACCGCGGACTTGCAG-1,WM
TACCGGCTCACTGCCC-1,L6
TACCGGTCGTTTCCAT-1,L5
TACCGTAGGTTAACTA-1,L6
TACCGTGCCTCGGACC-1,WM
TACCTACTCCCAGTAT-1,L6
TACCTATCCCTAGAGG-1,L3
TACCTCACCAATTGTA-1,WM
TACCTCACGCTTGTAC-1,L6
TACCTCAGTTGTCTGT-1,L5
TACCTCCACACCAATG-1,L5
TACCTCTTTACCATCC-1,WM
TACCTGCTGCACTGTG-1,L5
TACCTTAAGATTTCCC-1,L5
TACGAACACGACTTCA-1,L6
TACGACGCTTGCTGCG-1,L6
TACGACTGCCTCTTAG-1,WM
TACGAGAACTTCACGT-1,L5
TACGATGTTGATCATC-1,L5
TACGCAGTTCTTTCCT-1,L6
TACGCCATATTCTAAT-1,L6
TACGCCGAGGGTACCC-1,L5
TACGCCGCCTCAGAAG-1,WM
TACGCCTCCATTCCGA-1,L6
TACGCTATAGAAACCT-1,WM
TACGCTCCTAGAACTG-1,L5
TACGCTCGGTATTGGA-1,WM
TACGCTGATAGTTGTA-1,L2
TACGCTGCACGGTCGT-1,WM
TACGCTGCTGTGTTAA-1,L4
TACGGAAGCCAAACCA-1,L6
TACGGCATGGACGCTA-1,WM
TACGGGATGCTAGCAG-1,WM
TACGGGTAATAACATA-1,L6
TACGTAAAGCGGAGTG-1,WM
TACGTACTAGTGCTGA-1,L5
TACGTGCAAGGTTCCT-1,WM
TACGTGCACTATGCTG-1,L5
TACGTGGGCCCAGGGC-1,L6
TACGTTTACCGGCAAT-1,L5
TACTACGTGCAATGCG-1,L6
TACTATGGTTCCTCAG-1,L5
TACTCATTGACGCATC-1,WM
TACTCCTCTAGTTGAC-1,L5
TACTCGGCACGCCGGG-1,L5
TACTCGTTTGAATCAA-1,L6
TACTCTCCGAACAAAT-1,WM
TACTCTTACTTTACTG-1,WM
TACTCTTTCGTCTTCA-1,L5
TACTGAACAGATTTAG-1,L5
TACTGAGGGAAGAAAG-1,L3
TACTGCAATCAATTAC-1,WM
TACTGCATGATTAAAT-1,L5
TACTGGACAGCTCGGC-1,L5
TACTGTTTCTCTGGTA-1,WM
TACTTAAACATGTACA-1,WM
TACTTGTTAGTAGTCC-1,WM
TACTTTACTGAGCCGG-1,WM
TACTTTCCGCACGCCA-1,L5
TAGAAACACAATAGTG-1,L3
TAGAAAGGTGGCGCTA-1,WM
TAGAAATTCACGTATA-1,L4
TAGAAGAAGGGTTACA-1,WM
TAGAATAGCCGATGAA-1,WM
TAGACGAAACGCCAAT-1,L6
TAGACGCCCGTACCGG-1,WM
TAGACTACCTAGCGTT-1,WM
TAGACTCAGTTGGCCT-1,L3
TAGAGATCATGCAACT-1,L5
TAGAGCTACGAAGAAC-1,L6
TAGAGGGAGTTTATCT-1,L5
TAGAGGTTCTACTTGT-1,WM
TAGAGTCTAAGCGAAC-1,L6
TAGAGTGTTCCGGGTA-1,L6
TAGATATGGACTGGAA-1,L6
TAGATGGTTCCTTACT-1,WM
TAGATTCAAAGTGCGG-1,L5
TAGATTCCTGGTTATT-1,L5
TAGATTCTCTAGCAAA-1,WM
TAGCAACCTGTCACAA-1,L5
TAGCAGATACTTAGGG-1,L6
TAGCAGTATGACTAAA-1,WM
TAGCCATGATTGCCTA-1,L2
TAGCCATTTCAAAGTC-1,WM
TAGCCGGCGGTCAGCG-1,WM
TAGCGTCCCTCGATTG-1,WM
TAGCGTCCGGTGTGGT-1,WM
TAGCGTCGAATATTGA-1,L3
TAGCGTTGGGTCTTAC-1,WM
TAGCTAAGTCCGGGAG-1,L6
TAGCTAGAAGGCATGA-1,L6
TAGCTAGTGATGATGG-1,L5
TAGCTCACTGTGTTTG-1,WM
TAGCTCGCCTGATAAC-1,L6
TAGCTGATGTGAAGCG-1,L4
TAGGAGGCTCGAGAAC-1,WM
TAGGATCTTAACCGCA-1,L5
TAGGCATGTTACGCCA-1,WM
TAGGCCTATATAGTCT-1,WM
TAGGCGATGAGGTCTC-1,L4
TAGGCGGCTGCAAAGA-1,L3
TAGGCTAAAGTGGCAC-1,WM
TAGGGAGCTTGGGATG-1,WM
TAGGGTGTTTCAAGAG-1,L6
TAGGTCCAAGTAAGGA-1,L5
TAGGTCGCCGGAACTG-1,WM
TAGGTGACGATAACCT-1,L6
TAGGTGAGCCCTACTC-1,L6
TAGGTGCTCGCCTAGC-1,WM
TAGGTGTTCCACAGAT-1,L6
TAGGTTCGAGTTCGTC-1,WM
TAGGTTCTGCTGAGAA-1,L5
TAGTACCACAACTTTC-1,L3
TAGTACCTTAGTGGTC-1,L5
TAGTAGCTTATACCAG-1,L5
TAGTAGTTGCCGGACA-1,L5
TAGTCCCGGAGACCAC-1,L5
TAGTCCGCAGAGAATG-1,L6
TAGTCCGTATGCATAA-1,L4
TAGTCCTGCACTAAGC-1,L4
TAGTCGATCACGGGTT-1,WM
TAGTCTAACAACGAGA-1,L5
TAGTCTGCGGCACATT-1,L5
TAGTCTGTGACGTTGC-1,WM
TAGTCTTTCCGAATTG-1,WM
TAGTGACAAGCTCTAC-1,WM
TAGTGCCCTCCAGAGT-1,L6
TAGTGTCAGAAACGGC-1,L5
TAGTTTATTCTTGCTT-1,L6
TAGTTTGATCGGTCGC-1,L2
TATAAATCCACAAGCT-1,L6
TATAAGTGAGGATAGC-1,L6
TATACACAGACGCCTT-1,L6
TATACACGCAAAGTAT-1,L5
TATACCGAGTGCCACA-1,WM
TATACGCGTCATCACT-1,L6
TATACTCATGCGGCAA-1,L5
TATAGAGTCGCTTGAA-1,L5
TATAGATGGTCGCAGT-1,WM
TATAGCGCACGTTATC-1,L4
TATAGGGTACTCATGA-1,L5
TATAGTTAGGTGTACT-1,L2
TATATAGGGCTTTACG-1,L5
TATATATCGAGAAATG-1,L5
TATATCAAAGTGATCT-1,L5
TATATCATTGATCAGT-1,L4
TATATCCCTGGGAGGA-1,WM
TATATGCTGGGTTGCC-1,L3
TATATTACAAATGTCG-1,WM
TATCAAAGGTCTGTAA-1,L3
TATCACCCAACCGACC-1,WM
TATCACTTCGAGTAAC-1,WM
TATCAGTGGCGTAGTC-1,L3
TATCCAATTGGTTATC-1,WM
TATCCATATCATGCGA-1,L6
TATCCATCTCGGTTAG-1,L4
TATCCCTCGATCTGCA-1,L6
TATCCGCACCGTCGGG-1,L6
TATCCTATCAACTGGT-1,L5
TATCCTGCATGGGAAT-1,L6
TATCGATCTATGCATA-1,WM
TATCGATGATTAAACG-1,L6
TATCTACAGAGGTAAT-1,L5
TATCTACCACAGCGGG-1,L6
TATCTAGCCTAAAGGA-1,L4
TATCTGAGCCGATATT-1,L3
TATCTTGCAATACAAC-1,L4
TATGAAGAATTAAGGT-1,WM
TATGAAGACAGGTGCG-1,L5
TATGACCTTGCGCTGG-1,L3
TATGATCCGGCACGCC-1,WM
TATGATCTTCTCTTTA-1,WM
TATGCTCCCTACTTAC-1,L6
TATGGATGTGCTACGC-1,L6
TATGGCCCGGCCTCGC-1,L5
TATGGCTAGGCTAATT-1,WM
TATGGGACCGAGCAGG-1,L6
TATGGGTACGTATCGT-1,L6
TATGGTCTGAGTAACA-1,L6
TATGGTTAGTGGGAGA-1,WM
TATGTAAAGTGCTTAA-1,L5
TATGTAGAAACCCGGC-1,L3
TATGTCAAGACCGACT-1,WM
TATGTCTCATTGTGCC-1,WM
TATTAACACCAAAGCA-1,L4
TATTAACCTGACCGCG-1,L5
TATTACCATCCTGCTT-1,WM
TATTATGTTTGCCTGC-1,L4
TATTCAATTCTAATCC-1,WM
TATTCCACTCAGCTCG-1,L6
TATTCCGAGCTGTTAT-1,WM
TATTCCTCCGCCCACT-1,L5
TATTCGTGCCAGAATA-1,L6
TATTGACATTTCTGCC-1,WM
TATTGCCGGGCTTGTA-1,WM
TATTTAGTCTAGATCG-1,L6
TATTTATACCGAGTAG-1,WM
TATTTGATTTGCACAG-1,WM
TATTTGTTACCCTTTA-1,L6
TCAAACAACCGCGTCG-1,L6
TCAAACTTAGATTGTT-1,WM
TCAAAGAGCTATCTGT-1,L3
TCAAAGTCACGGCGTC-1,L3
TCAAATTATGTTCGAC-1,WM
TCAAATTGTTGTGCCG-1,L6
TCAAATTTGAGACTCA-1,L6
TCAACAAAGATAATTC-1,L5
TCAACATAGCGCCCTA-1,L5
TCAACATCGACCGAGA-1,L5
TCAACCATGTTCGGGC-1,L6
TCAACGAGGAGACAAA-1,L6
TCAACGCAGGAAATAA-1,L5
TCAACGCGACCGGCAG-1,L5
TCAACTAACGTATAAC-1,L5
TCAACTGCAGAGTCAG-1,WM
TCAAGAAATACTAGCT-1,WM
TCAAGCGCGGACGGTA-1,WM
TCAAGCTGCCTTGAAA-1,WM
TCAAGGTTACTACACC-1,WM
TCAATACAATTGCTGC-1,L3
TCAATACGCCGTCATG-1,L6
TCAATATACAGGAGGC-1,WM
TCAATCCCGCGCCAAA-1,WM
TCAATCCGGGAAGTTT-1,WM
TCACAAACCGAGGTAC-1,WM
TCACAGCAAACTCGAA-1,L6
TCACAGGAGAATAAGA-1,L6
TCACAGGGAATCGCAA-1,WM
TCACAGGTTATTGGGC-1,L6
TCACATCTTATCTGAT-1,L5
TCACCCTCTTAAGATT-1,L6
TCACCGCTCGGCACTC-1,WM
TCACGATGTCCGTGGA-1,L5
TCACGCATTGTAGATC-1,L6
TCACGGCCCAAGAGAG-1,L3
TCACGGTCATCGCACA-1,L6
TCACGTGCCCGATTCA-1,WM
TCACTACGACCAATGC-1,WM
TCACTATCCCTTCGGT-1,WM
TCACTCGTGCAACGGC-1,WM
TCACTCTTCGTCTGTC-1,L3
TCAGAACCTCCACAGG-1,WM
TCAGAACGGCGGTAAT-1,L6
TCAGACGCTATAGAAG-1,WM
TCAGAGCATGTCAACG-1,L1
TCAGAGGACGCGTTAG-1,L6
TCAGAGTGTGAGCATG-1,WM
TCAGATGGAGACGTAG-1,L6
TCAGCAAATGCATCTC-1,WM
TCAGCAGTAGGCCCTG-1,L5
TCAGCCAATCCGTAAA-1,WM
TCAGCGCACGCCGTTT-1,L6
TCAGCTTGAGCTTTCG-1,L3
TCAGGGCGACTTCCTT-1,L3
TCAGGGCGCAAACTCG-1,L5
TCAGGGTGTAACGTAA-1,WM
TCAGGTTCTTTGAGAA-1,L6
TCAGTACTGACCCGCG-1,L6
TCAGTAGGGACTATAA-1,L6
TCAGTGTATACGTCAT-1,L5
TCATAAGTCCAAGAAG-1,WM
TCATACTTACAGATCC-1,L5
TCATATGAGCTTTGTT-1,L6
TCATCACTCGAGCTCG-1,L5
TCATCCATCTGATCAC-1,L2
TCATCCTCAGCTGCTT-1,L6
TCATCGACGACCGTCG-1,L6
TCATCGATGGTCCCAA-1,L5
TCATGAAGCGCTGCAT-1,L2
TCATGCAGGTTCTCAT-1,WM
TCATGGAGGCCTTTGT-1,WM
TCATTTAAGTCTCCGA-1,WM
TCATTTAGAAGTGTGA-1,WM
TCCAACTCAGCTATCT-1,WM
TCCAACTTTAAATTCT-1,L6
TCCAAGCCTAGACACA-1,L6
TCCAATAAAGGCTACC-1,L5
TCCAATGCGTCGCCGC-1,L3
TCCACAATGGTTTACG-1,L6
TCCACATCGTATATTG-1,L6
TCCACCAAGACATAGG-1,WM
TCCACCTCTAGCCTTT-1,L6
TCCACTTTATCTAGGT-1,L6
TCCAGAGCACCGGTTC-1,WM
TCCAGATGTACGCCAA-1,WM
TCCAGCGCTATAAGCG-1,WM
TCCAGGCAGGACGATC-1,L5
TCCAGGCGAGTACGGT-1,L6
TCCAGGGTATATACGA-1,L6
TCCATCAATACTAATC-1,L3
TCCATTCCCACTAGAG-1,L6
TCCCAAACAGACAACG-1,WM
TCCCAAACATCCTCTA-1,L4
TCCCAAAGACGAAGGA-1,L6
TCCCAAAGCCCTAAAT-1,WM
TCCCAATATCGACGAC-1,WM
TCCCACTCTCTTCCGG-1,WM
TCCCAGCACACGACAT-1,WM
TCCCAGCTTTAGTCTG-1,L6
TCCCAGGCTTAGCTAA-1,L6
TCCCGCCTATGTGCGT-1,WM
TCCCGCGTACTCCTGG-1,L6
TCCCGGGTGTGCTGCT-1,L6
TCCCGTCAGTCCCGCA-1,WM
TCCCGTCGCGTCATAG-1,WM
TCCCGTGTGCAATTTG-1,WM
TCCCTAGATCAATAGG-1,WM
TCCCTCTTCTCAAGGG-1,WM
TCCCTGGCGTATTAAC-1,L4
TCCCTGGCTCGCTGGA-1,L5
TCCCTTAGATTACTCG-1,WM
TCCCTTGTCTGAAACT-1,WM
TCCGAACGTTGCCGCT-1,WM
TCCGAACTTGGCTTAC-1,L5
TCCGAAGTAGTCACCA-1,WM
TCCGAATGGTCCTGAG-1,WM
TCCGACCGCTAATCAA-1,L5
TCCGATAATTGCCATA-1,L6
TCCGATGACTGAGCTC-1,WM
TCCGATGGTGCGACAT-1,L6
TCCGATTACATTGCCG-1,L6
TCCGCAGCCACCTAGC-1,L3
TCCGCCTGTCTACAAG-1,L6
TCCGCGGCAGCATCTG-1,WM
TCCGCGGCCCAATGAA-1,WM
TCCGCTGGGTCGATCG-1,L1
TCCGCTGTCATCCCGG-1,WM
TCCGCTTATCCCATTA-1,L6
TCCGGAGGAAGGGCTG-1,WM
TCCGGCCTAGCGTACA-1,WM
TCCGGCTGTCGGGTCG-1,WM
TCCGGGCCACTAACGG-1,WM
TCCGGGCTTGACGGGA-1,WM
TCCGGTTCGTCCGGTC-1,L6
TCCGTAACCACAATCC-1,L4
TCCGTTAAGCTAATAT-1,WM
TCCGTTTAGCCTTGAA-1,WM
TCCTAAAGATTCAGAC-1,WM
TCCTAAATTGGGAAGC-1,L6
TCCTAACCGTCGGGCA-1,L5
TCCTACATCCACGGCC-1,WM
TCCTAGCAAAGAAGCT-1,L6
TCCTATCATAGGTAAC-1,WM
TCCTCCTAAGACATTC-1,L5
TCCTCGGGCTGGGCTT-1,WM
TCCTCTACGAGATGGC-1,L5
TCCTCTCCAGTTGTCC-1,L5
TCCTGCAGCCGCCAAT-1,L6
TCCTGCGTTGATACTC-1,L5
TCCTTACGACGGTCCG-1,WM
TCCTTCAATCCCTACG-1,L3
TCCTTCAGTGGTCGAA-1,WM
TCCTTGTCCTTTAATT-1,L6
TCCTTTAAATCCGCTT-1,WM
TCCTTTCTTACGCTTA-1,WM
TCGAAATTTAGGACCA-1,L6
TCGAAGAACCGAGCAC-1,WM
TCGAATATCCCGCAGG-1,L5
TCGAATCGCAGGGTAG-1,L5
TCGACAACTGAACCCG-1,L4
TCGACATAGCGTAGCG-1,L4
TCGACTGACGATGGCT-1,WM
TCGAGACCAACACCGT-1,L6
TCGAGCCAGGCAGGCC-1,L5
TCGAGGGCAACAGACG-1,WM
TCGAGTCTACGATTCG-1,L3
TCGATGTTACGGCCGT-1,L1
TCGATTTACGAAACGA-1,L5
TCGCAAAGATGCATTT-1,WM
TCGCACCAGGAGGCAG-1,WM
TCGCACTAACGTTTGT-1,L3
TCGCATAAAGGGCGCA-1,WM
TCGCATCCCTAAGTGT-1,L5
TCGCCCACTGCGAGAG-1,L3
TCGCCGAAGTTGCGTC-1,L6
TCGCCGACATATTCGC-1,L6
TCGCCGCACCGCGTGA-1,L3
TCGCCGGATGGGCAAG-1,L3
TCGCCGGTCGATCCGT-1,L6
TCGCCTCCTTCGGCTC-1,L6
TCGCGCGTTTACATGA-1,L2
TCGCGTAGCAGTGTCC-1,WM
TCGCGTCCAGAAGGTC-1,L5
TCGCTAAACCGCTATC-1,WM
TCGCTACTGGCTTTGA-1,L6
TCGCTCGATATATTCC-1,L6
TCGCTCGGCACCAGCG-1,WM
TCGCTGCCAATGCTGT-1,L6
TCGCTGGGCGGATTGT-1,WM
TCGCTGTGCGTAAATC-1,L6
TCGCTTAATTACGAAG-1,L6
TCGCTTTAAACGTTTG-1,WM
TCGGAATGCGCTCTGA-1,L5
TCGGACGCCCAGCCCA-1,WM
TCGGAGAGTATCGGGA-1,L5
TCGGAGTACATGAGTA-1,WM
TCGGAGTCCTGGTTGC-1,L1
TCGGATCTGGATGACC-1,L3
TCGGCAGGGTTAAGGG-1,WM
TCGGCGAACCCAAACC-1,WM
TCGGCGTACTGCACAA-1,L4
TCGGCTTGTATCGACG-1,WM
TCGGGAACGTGCCTAG-1,WM
TCGGGAGACAGCGTAC-1,L6
TCGGGATTCAAACATA-1,L5
TCGGGCACTTCTGGAT-1,L6
TCGGGCCGTCGTGGTA-1,WM
TCGGTCCCGACAATAG-1,L5
TCGGTGACCGCTCCGG-1,WM
TCGTAACTCCCAAGAC-1,WM
TCGTAAGACGACATTG-1,WM
TCGTAAGCTCCGAGGA-1,WM
TCGTACCGACGTCAAG-1,L5
TCGTATAGTGCAATTA-1,L6
TCGTATTACCCATTGC-1,L5
TCGTCAAGTACGCGCA-1,L5
TCGTCACACTGTTAGC-1,L5
TCGTCCGCTGGCGTCT-1,L6
TCGTCTTAGGCGTTAA-1,WM
TCGTGTACTATGGATG-1,WM
TCGTGTATTGGTCACG-1,WM
TCGTGTCACGCTGACA-1,L5
TCGTGTTCGACCACAA-1,WM
TCGTTAGGAGTCCCTA-1,L6
TCGTTGACAGGGTCCC-1,L3
TCGTTGCTATCCGGTC-1,L6
TCGTTTACGCGACCCT-1,WM
TCTAAAGAACAGTCTC-1,L4
TCTAACCTAGCCTGCG-1,WM
TCTAACTGTATGTAAA-1,L4
TCTAATACTGCCTCAG-1,L5
TCTACCCAATAGAGAG-1,WM
TCTACCCGCATCATTT-1,WM
TCTACCGTCCACAAGC-1,L6
TCTACGCACGATCTCC-1,L3
TCTACGGGCTCAGTTG-1,WM
TCTAGCAATCTCCGCC-1,L5
TCTAGCATCTTCGATG-1,L6
TCTAGCATGCCCAGAA-1,L6
TCTAGGTGGCGACGCT-1,WM
TCTAGTGATATCGTGG-1,WM
TCTAGTTATCAGAAGA-1,L6
TCTATAGGTGGGTAAT-1,WM
TCTATCATGCAGTTAC-1,L6
TCTATCCGATTGCACA-1,L6
TCTATCGGTCGCAACA-1,L6
TCTATGCTATAACGAC-1,WM
TCTATTACGCTGGCGA-1,L5
TCTATTACTAGAGGAT-1,L5
TCTCAAATCAATCGGG-1,L6
TCTCAGGCTACTCGCT-1,WM
TCTCATGAGATAGGGT-1,WM
TCTCCAACGTAGGTTA-1,L6
TCTCCACAAGTTGAAT-1,WM
TCTCCCTGGGCAGCGT-1,WM
TCTCGACGTATCGCCG-1,WM
TCTCGAGGAGGTTCGC-1,WM
TCTCGGCTCCAGGACT-1,L5
TCTCGTGTTACGAGGA-1,L3
TCTCTAATAGCTGGTA-1,L6
TCTCTCGCCGCACATA-1,WM
TCTCTTACCGCGAACC-1,L5
TCTGAACCGGTCGGCT-1,L6
TCTGAACTCGTACCCG-1,WM
TCTGAAGCACGTGGTC-1,L6
TCTGAATTCCGTACAA-1,WM
TCTGACGGGCTAACCC-1,WM
TCTGAGCAATTGACTG-1,WM
TCTGATCGGGTGCTAG-1,WM
TCTGATGTATTCTGTC-1,WM
TCTGATTGGAAATGGA-1,WM
TCTGCACCATTAGTAA-1,WM
TCTGCAGATTCGAGTC-1,L3
TCTGCATACCTTGCTT-1,WM
TCTGCCAGAAACTGCA-1,WM
TCTGCGAATCGTTCGC-1,WM
TCTGCGTCCGGTTTCT-1,L5
TCTGCTTAGAACAAGC-1,WM
TCTGGAGCGTAAGAGT-1,WM
TCTGGCCGTTCAAGTT-1,WM
TCTGGCGCAAGCCGGG-1,L4
TCTGGGAACCTTTGAA-1,WM
TCTGGGTAGCGCTCAT-1,L5
TCTGTGCCATCATAGT-1,WM
TCTGTTACCCAGCATA-1,L5
TCTGTTTAGATTGTTC-1,L1
TCTTAACTCGGATGTA-1,L3
TCTTACAGAGGTACCG-1,L6
TCTTACCGGAACTCGT-1,WM
TCTTACGGCATCCGAC-1,L5
TCTTACTTATGCCTCT-1,WM
TCTTAGAGCTCCAATT-1,WM
TCTTAGAGTGAACTCT-1,WM
TCTTCCCATGGGCACA-1,WM
TCTTCGAATAGACGTT-1,WM
TCTTCGATACCAATAA-1,WM
TCTTCGCGGTGAGAGG-1,WM
TCTTCTATAACCCGCC-1,WM
TCTTGATGCGTAGCGA-1,WM
TCTTGCTCCCGATACT-1,L6
TCTTGGTAACACCAAA-1,L6
TCTTGGTCAATGATAC-1,L3
TCTTTAAGACTATGAA-1,WM
TCTTTAGAGTCTAACA-1,WM
TCTTTAGCAGGCGAAC-1,WM
TCTTTCATCCGTCCTT-1,L3
TCTTTCCTTCGAGATA-1,WM
TGAAAGGACCTGACTC-1,WM
TGAACAAGCAGGGACT-1,L5
TGAACCTGAATGTGAG-1,L1
TGAACTGCTATGACTT-1,L3
TGAAGAGCGGTCCTAG-1,L4
TGAAGTAGCTTACGGA-1,L3
TGAATACCGACGCGTA-1,L6
TGAATATGCTATAAAC-1,WM
TGAATGAGATACAGCA-1,L6
TGAATGAGTGTTTCCC-1,L5
TGAATGTCAGCCGGCC-1,WM
TGAATTTCACTTGCCT-1,L3
TGACAACGCATGTCGC-1,WM
TGACAACTTAAAGGTG-1,L4
TGACACTTCTCTTTGC-1,WM
TGACAGAAATCTTGCT-1,L2
TGACAGGACAAGTCCA-1,L3
TGACATATATGACGAT-1,L3
TGACATCGAGCGGACC-1,WM
TGACATGTAACGTGAC-1,L5
TGACCAAATCTTAAAC-1,L6
TGACCCACGTTAGACA-1,L6
TGACGAATATTTCCCT-1,L5
TGACGATGCACTAGAA-1,WM
TGACTATAATCCTTTC-1,WM
TGACTCCGAATCATAC-1,L4
TGACTCTAACTGGTAA-1,WM
TGAGAATGCTTTACCG-1,L6
TGAGACGTACCTCTCA-1,L3
TGAGAGATTTACCACG-1,WM
TGAGATTAGGCCCTAA-1,WM
TGAGCCATACAGTCTC-1,L5
TGAGCGGAAAGTGTTC-1,L6
TGAGCTCAACTGTATA-1,WM
TGAGCTTTAATGACGC-1,L6
TGAGGAGTGCCAGCTT-1,L6
TGAGGCATGTACTGTG-1,L3
TGAGGTGTGTGGCGGA-1,L5
TGAGTAAATTAGCGTA-1,L6
TGAGTGCCTCTTAAAT-1,L6
TGAGTGGTCCGTGACG-1,WM
TGAGTGTAACAACGGG-1,WM
TGAGTTAAAGACATTC-1,WM
TGATACATTTAGCCGT-1,L5
TGATAGCGGGATTCTA-1,L5
TGATCACCACACTGAC-1,L5
TGATCAGGGAACTGCT-1,L5
TGATCCCAGCATTAGT-1,WM
TGATCGGTTTGACCCT-1,L6
TGATCTACGCTGATCT-1,WM
TGATCTATCACACTCT-1,L6
TGATCTCCGGCGCCAG-1,L6
TGATGGCTGTTTCTGA-1,WM
TGATGTCAATTAAGTG-1,WM
TGATTATGGCACGCAG-1,WM
TGATTCAGGTCCCGCG-1,L3
TGATTCCCGGTTACCT-1,L5
TGATTCGTCTATCACT-1,L6
TGATTCTGTCGCCGGT-1,L6
TGATTTATTAGCTGTG-1,L5
TGATTTCCTCCTGACG-1,L5
TGCAAACGTACTAGTT-1,L5
TGCAAAGTTCGTCTGT-1,L5
TGCAACCCATCTGCGG-1,WM
TGCAACTACTGGTTGA-1,L6
TGCAAGAATGACGTAA-1,WM
TGCAATCTAACACGGT-1,WM
TGCAATTTGGGCACGG-1,WM
TGCACTATGTGAGTGC-1,L4
TGCAGAACTATATCGT-1,L5
TGCAGAGTACCGAGCA-1,L6
TGCAGATCGTCCTAGG-1,L5
TGCAGCTACGTACTTC-1,L5
TGCAGGATCGGCAAAG-1,WM
TGCAGTGAGGCTCGGG-1,WM
TGCAGTGGTAGGGAAC-1,L3
TGCAGTTTCCTCCCAT-1,WM
TGCATATGTCTGTCAC-1,WM
TGCATGGATCGGATCT-1,L6
TGCATGTGACCCATAG-1,L5
TGCATGTGGTAATCTA-1,L6
TGCCAAAGTCAGACTT-1,L5
TGCCAATGGGTACTCT-1,L6
TGCCACACTAGAGGAA-1,L3
TGCCACCTGGCGAAAC-1,WM
TGCCAGTACGTGGAGA-1,L6
TGCCATTACTAAAGAA-1,WM
TGCCCGATAGTTAGAA-1,L6
TGCCCGTACCGTTAAA-1,WM
TGCCGAAAGCGTATTC-1,WM
TGCCGGATGTACGAGC-1,L5
TGCCGTGGATCGTCCT-1,L6
TGCCGTGGGACCCAAT-1,L5
TGCCGTTCTTAATCGG-1,L3
TGCCTAAATTTAATAG-1,WM
TGCCTAATTGAAGATT-1,WM
TGCCTGACATCGGTCA-1,L5
TGCCTGATCAAACGAT-1,L6
TGCCTTGGCCAGGCAA-1,WM
TGCGAATATGGGATTT-1,L4
TGCGACACCCTAGTGC-1,L6
TGCGACGGCCGAACGT-1,L5
TGCGAGAATATTACCC-1,L5
TGCGATGCTAATGGCT-1,L4
TGCGCAAAGCATTTGG-1,WM
TGCGCCGTTAATAACG-1,WM
TGCGCGATTAACGGAG-1,L6
TGCGGACTTGACTCCG-1,L6
TGCGGAGTAAAGGTGC-1,WM
TGCGTAAGAACCTGAT-1,L6
TGCGTACGGCTAATTG-1,WM
TGCGTCATGACTGAGC-1,L5
TGCGTTTGTTGACACT-1,WM
TGCTAAGTGTCTATTT-1,WM
TGCTATGGCAAAGGGA-1,L4
TGCTCAAAGGATGCAC-1,L3
TGCTCCACAGTTCTTA-1,WM
TGCTCGGCGAAACCCA-1,L6
TGCTCGGTGGGTCACC-1,L6
TGCTCTGCCGGTTCAC-1,WM
TGCTCTTGAGAGTTTG-1,L6
TGCTGGTTGGACAATT-1,L6
TGCTGTTGAAGAACTC-1,WM
TGCTTAGAGAGAATGC-1,L5
TGCTTCCCAAGCAGTA-1,L6
TGGAACCACTGACACA-1,WM
TGGAAGAAGGGAACGT-1,L5
TGGAAGACGAACACCA-1,L6
TGGAAGGATAAAGATG-1,L6
TGGAATATCCTTGACC-1,WM
TGGAATTAGACGCTTT-1,L5
TGGACACCGTTGCTTG-1,L4
TGGACCAATCTAAGAT-1,L6
TGGACGCAATCCAGCC-1,L4
TGGACTGTTCGCTCAA-1,WM
TGGAGAATAATCGTCC-1,L5
TGGAGGGAAACACCTC-1,WM
TGGAGTGATGCGATGA-1,L6
TGGATGGCATCTTGGA-1,L5
TGGCAAACTAAATTAC-1,WM
TGGCAACTCGCGCGCC-1,WM
TGGCAAGCACAAGTCG-1,L6
TGGCAATGGGACGGCG-1,WM
TGGCAGATTACGATCA-1,L6
TGGCAGCAGTAATAGT-1,L6
TGGCATGAAGTTTGGG-1,L4
TGGCCAAACTGAAGTA-1,WM
TGGCCAATTTGGTACT-1,L4
TGGCCGTATATTGACC-1,L6
TGGCGACTGCTCCAAA-1,L6
TGGCGATCAAGTTATG-1,L6
TGGCTACACTCTACCT-1,WM
TGGCTATGTGACATAC-1,WM
TGGCTCTTGTCGCGTA-1,L4
TGGCTTATGTATAATG-1,L3
TGGCTTGTACAAGCTT-1,WM
TGGCTTTGGGTAGACA-1,L6
TGGGAAATGCCTTTCC-1,L5
TGGGCAATAGTTGGGT-1,WM
TGGGCACGTTCTATGG-1,L6
TGGGCAGGCCACCGCA-1,WM
TGGGCCACAAGAGCGC-1,WM
TGGGCCCATACTAATT-1,WM
TGGGCGATACAATAAG-1,L6
TGGGTAAGGTTCCCGC-1,WM
TGGGTGCACAAGCCAT-1,L6
TGGGTGTAATAGATTT-1,WM
TGGGTGTTAAGTAGAA-1,L5
TGGGTTCCCGGACGGA-1,L3
TGGGTTTCGGGCGTAC-1,L3
TGGTAAGCAGGATTGA-1,L4
TGGTAGAATATATGGG-1,WM
TGGTCCCACGCTACGG-1,L6
TGGTCGATATACCTCT-1,L4
TGGTCGGGTACAGGGC-1,L2
TGGTCGTGCAAGGCAA-1,L4
TGGTCTAGCTTACATG-1,L3
TGGTCTGTTGGGCGTA-1,L5
TGGTGATCGTATTTGT-1,L5
TGGTGCCCTGCCTTAC-1,L5
TGGTTAACTTACATTT-1,L3
TGGTTAAGGGCGCTGG-1,WM
TGGTTATGCTTGCGGT-1,L3
TGGTTCAACGGGTAAT-1,WM
TGGTTCGTAGCAAAGG-1,L6
TGGTTTAAACGTGGGT-1,WM
TGTAAGACTGATAAGA-1,L2
TGTAATGACCACAATA-1,L5
TGTACCCGACCCTAAT-1,L3
TGTACCTACACGAGGG-1,WM
TGTACGAACAAATCCG-1,L6
TGTACTACTCTCACGG-1,WM
TGTACTATCGCTCGTT-1,L6
TGTACTTCCGGGCATG-1,WM
TGTAGCCAATTCCGTT-1,L6
TGTAGCCATCCCATTC-1,WM
TGTAGGAGAAATTTCC-1,WM
TGTAGTGATCTATAAT-1,L6
TGTATAACAGATCCTG-1,WM
TGTATACGGATGATGA-1,WM
TGTATGGCGCAGACAG-1,WM
TGTCATTTGTTGGGAA-1,WM
TGTCCACGGCTCAACT-1,WM
TGTCCGCAAACAATTC-1,L5
TGTCCGTGGCGCCTTT-1,L5
TGTCCTAAGTCACCGC-1,L5
TGTCGTGGGTATAGGC-1,L5
TGTCGTTATCACATAT-1,L4
TGTGACTACGCCAGTC-1,WM
TGTGACTAGAGTTTGC-1,WM
TGTGAGACTAGCCCAA-1,L6
TGTGCCAGAGGCAAAG-1,L3
TGTGCCGGTGCCGGAA-1,WM
TGTGCTTTACGTAAGA-1,L5
TGTGGACTATCTACGT-1,WM
TGTGGCAAAGCGTATG-1,WM
TGTGGCGGGCTTCTGG-1,L6
TGTGGCTCCCACCAAC-1,WM
TGTGGTAGGGTGCCTT-1,WM
TGTGGTTGCTAAAGCT-1,L6
TGTGTAGTAGCACGTG-1,WM
TGTGTCGAAGTCGAGG-1,L3
TGTGTCGCGAGTTGCA-1,L6
TGTGTGACCATGAATC-1,L3
TGTGTTCGTATCCAAG-1,L5
TGTTAACAAAGTGACT-1,WM
TGTTATTGTATGTGGC-1,WM
TGTTCATAAATGTGCT-1,L4
TGTTCCGCTTCCATGA-1,L6
TGTTCCGGCCTGAGCT-1,L6
TGTTCGTATTGCGGTG-1,L6
TGTTCTCATACTATAG-1,WM
TGTTCTCTACTCCCTA-1,WM
TGTTCTTCCATTGACT-1,L6
TGTTGCCGTCGTCCCA-1,WM
TGTTGTCAAGAAGTCT-1,WM
TGTTTCGGTACTTCTC-1,L6
TGTTTCTGAAGCGTGC-1,L3
TGTTTGAGATCGTCAG-1,WM
TTAAACCTGGTTCCTT-1,L5
TTAAACTCGAATTCAT-1,WM
TTAAAGGCGATGCTCG-1,L5
TTAAAGTAAGTCGCCA-1,WM
TTAACACCTCGAACAT-1,L5
TTAACCAACCCTCCCT-1,L6
TTAACCCGAGGCGTGT-1,WM
TTAACGAACAAGCAGT-1,WM
TTAACGTTAAAGCCTG-1,L3
TTAACTCACGCGTGGA-1,L5
TTAACTGATCGTTTGG-1,WM
TTAACTTCAGGTAGGA-1,L5
TTAAGATACCCAGAGA-1,L3
TTAAGATAGGATTGAC-1,WM
TTAAGCCGACAACTTC-1,L6
TTAAGCGCCTGACCCA-1,L6
TTAAGGCCCGTACTTT-1,L5
TTAAGTATTGTTATCC-1,WM
TTAATCAGTACGTCAG-1,WM
TTAATGTAGACCAGGT-1,WM
TTAATGTGTTTGCAGG-1,L3
TTAATTGCTTTGGGTG-1,L6
TTAATTTCAGACGCGG-1,L6
TTACAACTACGCATCC-1,L6
TTACACGATCTGCGAC-1,WM
TTACAGACCTAAATGA-1,WM
TTACATCGTGGCCTGG-1,L6
TTACATGCCACAACTA-1,WM
TTACCATTGATTACCC-1,L5
TTACCCATTGCCGGGT-1,L6
TTACCCTAACAGTCCT-1,L5
TTACCCTAGGGATTGG-1,L6
TTACGGATGGTTCGAG-1,WM
TTACGTATCTATGACA-1,WM
TTACTAAAGGACTTTA-1,WM
TTACTATCGGCTTCTC-1,L5
TTACTCCGGCCGGGAA-1,WM
TTACTCTGGTACGTAC-1,L5
TTACTGGGATATTTCA-1,L6
TTACTGTCTAGAGCTC-1,WM
TTAGAAGAACATGACT-1,L6
TTAGAATAAGGGTCGG-1,L5
TTAGACACGATCGTTG-1,WM
TTAGACGAGTCACCTC-1,WM
TTAGAGGGATATACAG-1,L3
TTAGAGTATTGTCGAG-1,L3
TTAGAGTTTAGAAGGA-1,WM
TTAGATAGGTCGATAC-1,L5
TTAGCAACATGGATGT-1,L5
TTAGCATCCCTCACGT-1,L1
TTAGCCATAGGGCTCG-1,L3
TTAGCGAATAGATAGG-1,L6
TTAGCTAATACGATCT-1,WM
TTAGCTCTGTAATCCG-1,L5
TTAGCTGATTTGCCGT-1,WM
TTAGGATGGGAGGGTA-1,WM
TTAGGTCATAACCGAC-1,L5
TTAGTAAACCTGCTCT-1,WM
TTAGTAGGGCGGCGGG-1,L5
TTAGTTATTCGTGGCA-1,WM
TTAGTTCAAGTGTTCG-1,WM
TTATAGGTAATTGTCT-1,L6
TTATATACGCTGTCAC-1,WM
TTATATTTGGCAATCC-1,L6
TTATCCAATCGAACTC-1,L5
TTATCCGGGATCTATA-1,WM
TTATCCTCAAGGAATA-1,L4
TTATCGCCTGCGAAGC-1,L5
TTATCTGACATTAGGA-1,L4
TTATCTGTATCATAAC-1,L6
TTATGAATGAAAGGGA-1,WM
TTATGACAAACTGGAT-1,L6
TTATGATCTTAACGAA-1,WM
TTATGTTTGCGATAGA-1,L5
TTATTAGAGCGTGTTC-1,WM
TTATTAGGGAAGCATC-1,L6
TTATTATCTGGAAGGC-1,WM
TTATTTAGGTTCCTTA-1,WM
TTCAAAGTCTCTAGCC-1,WM
TTCAACGACCCGACCG-1,L6
TTCAAGCCGAGCTGAG-1,L6
TTCAATACTCTGAATC-1,WM
TTCACGAAAGGATCAC-1,L6
TTCACGGTCGTCACGT-1,L4
TTCACTCGAGCACCTA-1,L6
TTCACTTCCTAGAACG-1,L5
TTCAGCCCTGGTCCAC-1,WM
TTCAGCTGGCGTGCCC-1,WM
TTCAGGCGTCAAAGCC-1,L5
TTCAGTTCAAGAGGAG-1,L5
TTCAGTTTGTGGCAGC-1,L4
TTCATAGGGTGTCCAT-1,L3
TTCATGGCGCAACAGG-1,WM
TTCCAATCAGAGCTAG-1,WM
TTCCAATCTGGCTATC-1,L6
TTCCACACAGATTTGA-1,L6
TTCCAGACGAGATTTA-1,WM
TTCCAGTGGGTTTCGT-1,L5
TTCCATCATGCGGTGA-1,WM
TTCCATCGACAGCGTG-1,WM
TTCCCAAAGTACTGAT-1,WM
TTCCCGGCGCCAATAG-1,L4
TTCCGCAGAGAAATAT-1,WM
TTCCGCGTGAGGCGAT-1,L6
TTCCGGCCTTGAGGCT-1,L5
TTCCGGTATCTGTGTC-1,WM
TTCCGGTTACCCACTT-1,WM
TTCCTCGAGGGTGTCT-1,L6
TTCCTCGGACTAACCA-1,WM
TTCCTCTGCCCGAATA-1,L5
TTCGAACGAAACATGC-1,L5
TTCGACAGAGCCCGTG-1,WM
TTCGACGGGAAGGGCG-1,L6
TTCGCACTCGCGTGCT-1,L6
TTCGCACTGTACGACA-1,L6
TTCGCCGCTCGCGCTA-1,L3
TTCGCGCGCCATACGA-1,L5
TTCGCTAGGAAGTTGT-1,WM
TTCGCTATCTGACGTG-1,WM
TTCGGACTGGGCATGG-1,L2
TTCGGCAACCCGCTGA-1,WM
TTCGGCTAGAGATGGT-1,L5
TTCGGGACTAATCGCG-1,WM
TTCGGGCGCTAGTCTT-1,L5
TTCGGGTTGCCACGGG-1,WM
TTCGGTACTGTAGAGG-1,L6
TTCGGTGGAGACGCCC-1,WM
TTCGTACTCCAGAACG-1,L5
TTCGTGCATGTTATAG-1,L5
TTCGTTCAACGAAGTT-1,WM
TTCTAACCGAAGCTTA-1,WM
TTCTACCTCAATCGGT-1,L3
TTCTACTTGCGAGGGC-1,L5
TTCTAGAAAGTCTTAT-1,L5
TTCTAGGCCAATTGTG-1,L6
TTCTATGCCTTTCGCA-1,WM
TTCTATTAAACGCAGC-1,L5
TTCTCAATTGCTACAA-1,L3
TTCTCTTACAGGTGAT-1,L3
TTCTGACCGGGCTCAA-1,WM
TTCTGCCGCGCCTAGA-1,WM
TTCTGCGAGCGCCCTT-1,L5
TTCTGCGGGTTAGCGG-1,WM
TTCTGCTAGACTCCAA-1,WM
TTCTGTTTCCTGTCGC-1,L4
TTCTTAGTGAACGGTG-1,L5
TTCTTAGTGGCTCAGA-1,L6
TTCTTATCCGCTGGGT-1,WM
TTCTTGAGCCGCGCTA-1,L6
TTCTTGCTAGCATCTC-1,WM
TTCTTGGACGATCTGC-1,L5
TTCTTGGAGTAATGAG-1,WM
TTCTTGTAACCTAATG-1,L6
TTCTTGTGTCCATCAG-1,L4
TTCTTTGGTCGCGACG-1,WM
TTGAAACCCTCATTCC-1,WM
TTGAAAGGTGTAAAGG-1,WM
TTGAACGAATCCTTTG-1,L5
TTGAACGACGTGCTGA-1,WM
TTGAAGAATTCCCAGG-1,L6
TTGAAGGATGGGCGCC-1,L3
TTGAAGTGCATCTACA-1,WM
TTGAATATGGACTTTC-1,WM
TTGAATCGTTGTATAA-1,L4
TTGAATTCACGTGAGG-1,WM
TTGACAGGAGCTCCCG-1,WM
TTGACATGAACGTGGA-1,L5
TTGACCAGGAACAACT-1,L6
TTGACCATGTTCTCCG-1,WM
TTGACCGTGTTAATGA-1,L5
TTGACGCTCCATGAGC-1,WM
TTGACTACCATATGGT-1,L6
TTGACTATTGTCCGGC-1,WM
TTGAGAAGTTTAGCAT-1,WM
TTGAGAGTACTGCTAA-1,L6
TTGAGCAGCCCACGGT-1,WM
TTGAGCGCCACGTGAT-1,WM
TTGAGTCCCGCTGCTG-1,WM
TTGATAGTCAATACAT-1,WM
TTGATCTAACTTTGTC-1,L6
TTGATGCCGCTCGTCG-1,L5
TTGATGTGTAGTCCCG-1,WM
TTGATTAGCTGTTTCT-1,L5
TTGATTATGCAGATGA-1,L6
TTGCAAGAAGACTCCT-1,L6
TTGCACAATTCAGAAA-1,L6
TTGCACGGAGCAGCAC-1,L6
TTGCATGCTGATCACG-1,L5
TTGCCAAGCAGAACCC-1,WM
TTGCCATAGCCCGCTC-1,L5
TTGCCCTGATCACGGG-1,L6
TTGCCGCAGACCTACA-1,L4
TTGCCGCTTTCTAGTA-1,L6
TTGCCTAATCCAAAGT-1,L3
TTGCCTTCTCGCCGGG-1,WM
TTGCGCACAACCACGT-1,WM
TTGCGCTCTCTCGCTT-1,L3
TTGCGCTTGATCAATA-1,WM
TTGCGGAAAGCTGCCC-1,L5
TTGCGGCATCAGAAAG-1,L6
TTGCGTAGTTTGAGGA-1,L5
TTGCGTCGGCCAACCG-1,L6
TTGCGTGAACGCTTAG-1,WM
TTGCGTGTGTAGGCAT-1,WM
TTGCTCATAGTACGTG-1,WM
TTGCTCCCATACCGGA-1,WM
TTGCTGAAGGAACCAC-1,L6
TTGCTGATCATGTTCG-1,L6
TTGCTGCACCTATCCA-1,L5
TTGGAAGAATACAGTC-1,L5
TTGGACATGTGGCTTA-1,L5
TTGGACCATCTGGCAA-1,WM
TTGGACCTATAACAGT-1,WM
TTGGATATCGTCTACG-1,L6
TTGGATTGGGTACCAC-1,L6
TTGGCCAAATTGTATC-1,L6
TTGGCCATCTTGCGCT-1,L5
TTGGCCTAGAATTTCG-1,WM
TTGGCGATCCGAATAT-1,WM
TTGGCTCAATATGTGT-1,WM
TTGGCTCGCATGAGAC-1,L6
TTGGGAAGACGAGCCG-1,L6
TTGGGACACTGCCCGC-1,L6
TTGGGACGTAAGAGTT-1,WM
TTGGGCGGCGGTTGCC-1,WM
TTGGGTTTATTCAGCG-1,L6
TTGGTATGGCTTGTGT-1,WM
TTGGTCACACTCGTAA-1,L6
TTGGTTCGCTCAAAGG-1,WM
TTGGTTGCGGTGCGCG-1,L5
TTGTAAGGACCTAAGT-1,L5
TTGTAAGGCCAGTTGG-1,WM
TTGTAATCCGTACTCG-1,L6
TTGTACACCTCGAACA-1,L3
TTGTCACCGCGGTATC-1,L3
TTGTCGTTCAGTTACC-1,L6
TTGTCTCGGCAAGATG-1,L5
TTGTGAACCTAATCCG-1,WM
TTGTGAGGCATGACGC-1,L4
TTGTGATCTGTTCAGT-1,WM
TTGTGCAGCCACGTCA-1,L6
TTGTGCGGAAGCGGAT-1,L3
TTGTGGAGACAGCCGG-1,L2
TTGTGGCCCTGACAGT-1,L6
TTGTGGTAGGAGGGAT-1,L5
TTGTGGTATAGGTATG-1,WM
TTGTGGTGGTACTAAG-1,WM
TTGTGTATGCCACCAA-1,L6
TTGTGTTTCCCGAAAG-1,L6
TTGTTAGCAAATTCGA-1,L6
TTGTTCAGTGTGCTAC-1,L6
TTGTTCTAGATACGCT-1,L3
TTGTTGGCAATGACTG-1,L3
TTGTTGTGTGTCAAGA-1,WM
TTGTTTCACATCCAGG-1,L5
TTGTTTCATTAGTCTA-1,L5
TTGTTTCCATACAACT-1,L5
TTGTTTGTATTACACG-1,L5
